elapsed_h,monotonic,cycles,/var/log,/var/log/journal,/run/log/journal,/var/log/nginx,Shmem,MemAvailable
0.00038045995166612555,246.621182534,0,11956224,11927552,0,24576,362143744,488132608
0.017067411494442946,306.703534896,1,11976704,11927552,0,45056,362164224,488771584
0.03375458882832997,366.772321174,1,11988992,11927552,0,57344,362176512,487886848
0.050453513283331024,426.904308078,1,11997184,11927552,0,65536,362184704,492343296
0.06713983868110922,486.966371023,1,12009472,11927552,0,77824,362196992,493981696
0.08383110662388693,547.050859052,1,12021760,11927552,0,90112,362209280,490225664
0.10039392998305427,606.675110664,2,12038144,11927552,0,106496,362225664,490221568
0.11708716597833295,666.766848192,2,12050432,11927552,0,118784,362237952,491859968
0.13378614314527415,726.904755471,2,12062720,11927552,0,131072,362250240,488906752
0.150471532747219,786.975193625,2,12070912,11927552,0,139264,362258432,491053056
0.16716169349527465,847.048577028,2,12083200,11927552,0,151552,362270720,492777472
0.1837108253941632,906.615993015,3,12103680,11927552,0,172032,362291200,479764480
0.20040233352249845,966.711633835,3,12115968,11927552,0,184320,362303488,490631168
0.21709031026416697,1026.780830531,3,12124160,11927552,0,192512,362311680,493932544
0.23377870460361008,1086.874285351,3,12136448,11927552,0,204800,362323968,491630592
0.25046817255055226,1146.963955838,3,12148736,11927552,0,217088,362336256,494321664
0.2724605850019442,1226.130835959,4,12169216,11927552,0,237568,362356736,482271232
0.2837163745774968,1266.634312145,4,12177408,11927552,0,245760,362364928,492298240
0.3004015849774967,1326.694648382,4,12189696,11927552,0,258048,362377216,483655680
0.3170967884699995,1386.790944661,4,12197888,11927552,0,266240,362385408,482447360
0.3337849873530528,1446.878895481,4,12210176,11927552,0,278528,362401792,492888064
0.35047181823722184,1506.961133301,4,12222464,11927552,0,290816,362409984,491081728
0.36705301479138547,1566.634668955,5,12238848,11927552,0,307200,362426368,493125632
0.38374499772416637,1626.741513692,5,12251136,11927552,0,319488,362438656,492912640
0.40044420340944475,1686.855529345,5,12263424,11927552,0,331776,362450944,491831296
0.41714920418722207,1746.975311874,5,12275712,11927552,0,344064,362463232,490016768
0.4337000851383305,1806.559020319,5,12283904,11927552,0,352256,362471424,494260224
0.45040258940527567,1866.686926889,6,12304384,11927552,0,372736,362491904,480555008
0.4670946045986097,1926.775578293,6,12316672,11927552,0,385024,362504192,489213952
0.48378508156055533,1986.889706447,6,12324864,11927552,0,393216,362516480,488521728
0.5004917641272186,2046.993772434,6,12337152,11927552,0,405504,362524672,493113344
0.5170582731669411,2106.621866129,6,12349440,11927552,0,417792,362536960,493637632
0.538543242069722,2183.987215207,7,12369920,11927552,0,438272,362557440,489984000
0.550490253696666,2226.99377502,7,12378112,11927552,0,446464,362565632,488394752
0.5670459932588872,2286.601000465,7,12390400,11927552,0,458752,362577920,491065344
0.5837390462811083,2346.698288243,7,12398592,11927552,0,466944,362586112,490577920
0.6004309279719423,2406.785943105,7,12410880,11927552,0,479232,362598400,493342720
0.6171202636080528,2466.870995259,7,12423168,11927552,0,491520,362614784,488935424
0.6337177184202746,2526.612649912,8,12443648,11927552,0,512000,362627072,486141952
0.650397388183608,2586.693715399,8,12451840,11927552,0,520192,362639360,487825408
0.6670854320491667,2646.730804011,8,12464128,11927552,0,532480,362651648,486821888
0.6837743852019412,2706.796386207,8,12476416,11927552,0,544768,362663936,494637056
0.7004657425877748,2766.900802694,8,12484608,11927552,0,552960,362672128,489906176
0.7170558140258314,2826.634801639,9,12505088,11927552,0,573440,362692608,472588288
0.733753348161388,2886.713539292,9,12517376,11927552,0,585728,362704896,489521152
0.7504474193777747,2946.822735988,9,12525568,11927552,0,593920,362713088,492171264
0.7671366072397198,3006.926206058,9,12537856,11927552,0,606208,362725376,489414656
0.7838219429552757,3066.968674378,9,12550144,11927552,0,618496,362737664,491200512
0.8048523125786111,3142.641105539,10,12570624,11927552,0,638976,362758144,478633984
0.817075133051108,3186.701601227,10,12578816,11927552,0,647168,362766336,486645760
0.8337663806849984,3246.768252339,10,12591104,11927552,0,659456,362778624,490520576
0.8504573125716666,3306.862126576,10,12603392,11927552,0,671744,362782720,490037248
0.8671446526324993,3366.935998771,10,12611584,11927552,0,679936,362799104,490217472
0.8838362351863867,3427.025779008,10,12623872,11927552,0,692224,362811392,489521152
0.9004262087297199,3486.732651995,11,12644352,11927552,0,712704,362831872,491196416
0.9171105942958335,3546.826302066,11,12652544,11927552,0,720896,362840064,491794432
0.9338075710399991,3606.903830511,11,12664832,11927552,0,733184,362852352,492199936
0.9503884384119414,3666.589613498,11,12677120,11927552,0,745472,362864640,488722432
0.9670861025494418,3726.74343061,11,12685312,11927552,0,753664,362872832,493273088
0.9837820645708335,3786.805715472,12,12705792,11927552,0,774144,362893312,491999232
1.0004743205255524,3846.901557167,12,12718080,11927552,0,786432,362905600,486674432
1.0171540537444446,3906.983702862,12,12726272,11927552,0,794624,362913792,486612992
1.033703511497499,3966.518467932,12,12738560,11927552,0,806912,362926080,490450944
1.0503925953513882,4026.592447794,12,12750848,11927552,0,819200,362938368,492011520
1.0710068287524983,4100.84356158,13,12771328,11927552,0,839680,362958848,474202112
1.0837761127630519,4146.819243102,13,12779520,11927552,0,847872,362967040,489381888
1.1004875168436088,4206.925454089,13,12791808,11927552,0,860160,362979328,495378432
1.1170280982919414,4266.513747742,13,12804096,11927552,0,872448,362991616,488669184
1.1337371657305548,4326.621302729,13,12812288,11927552,0,880640,362999808,488390656
1.150432954610555,4386.743963258,13,12824576,11927552,0,892928,363012096,491405312
1.1671485917636084,4446.902621745,14,12845056,11927552,0,913408,363032576,486731776
1.1837188870747195,4506.543065565,14,12853248,11927552,0,921600,363040768,490975232
1.2004063530966635,4566.63103526,14,12865536,11927552,0,933888,363053056,489893888
1.2171086014575,4626.750369164,14,12877824,11927552,0,946176,363065344,490471424
1.233801831906389,4686.874472776,14,12886016,11927552,0,954368,363073536,485556224
1.2503727815730559,4746.499693971,15,12906496,11927552,0,974848,363094016,476663808
1.267070832056387,4806.624573375,15,12918784,11927552,0,987136,363106304,487788544
1.2837631011422208,4866.71101507,15,12931072,11927552,0,999424,363118592,485351424
1.300441922130275,4926.797003515,15,12939264,11927552,0,1007616,363126784,482754560
1.3171348137838867,4986.851966961,15,12951552,11927552,0,1019904,363139072,487456768
1.3371906587861102,5059.02610662,16,12972032,11927552,0,1040384,363159552,466362368
1.3503923612480544,5106.571449351,16,12980224,11927552,0,1048576,363167744,487346176
1.367087275533886,5166.670054463,16,12992512,11927552,0,1060864,363180032,491143168
1.3837966510902777,5226.8151177,16,13004800,11927552,0,1073152,363192320,492617728
1.400493302899441,5286.924516895,16,13012992,11927552,0,1081344,363200512,489492480
1.4170563467022212,5346.555015174,16,13025280,11927552,0,1093632,363212800,489439232
1.4337920863644427,5406.799104369,17,13045760,11927552,0,1114112,363233280,484597760
1.4504798505177758,5466.902141606,17,13053952,11927552,0,1122304,363241472,487800832
1.4670394804333329,5526.477933884,17,13066240,11927552,0,1134592,363253760,489140224
1.4837448613574977,5586.608908038,17,13078528,11927552,0,1146880,363266048,491491328
1.5004350667430522,5646.710543483,17,13090816,11927552,0,1159168,363278336,493203456
1.5171464914288866,5706.869627554,18,13107200,11927552,0,1175552,363298816,495083520
1.5337051584041668,5766.473625749,18,13119488,11927552,0,1187840,363307008,486359040
1.5503970151666646,5826.567283361,18,13131776,11927552,0,1200128,363319296,488722432
1.5670948687877777,5886.679999306,18,13139968,11927552,0,1208320,363327488,492085248
1.583792738188054,5946.794958335,18,13152256,11927552,0,1220608,363339776,489992192
1.6034187484416664,6017.444160827,19,13172736,11927552,0,1241088,363360256,480854016
1.617040874138054,6066.488644517,19,13180928,11927552,0,1249280,363368448,484958208
1.6337382648344445,6126.583110296,19,13193216,11927552,0,1261568,363380736,489865216
1.6504294334041656,6186.654444574,19,13205504,11927552,0,1273856,363393024,489852928
1.66714025969611,6246.80600202,19,13217792,11927552,0,1286144,363401216,491692032
1.6838332586136109,6306.91611484,19,13225984,11927552,0,1294336,363413504,491069440
1.7004252839708311,6366.646192577,20,13246464,11927552,0,1314816,363433984,487522304
1.7171162473516637,6426.739067105,20,13258752,11927552,0,1327104,363446272,489148416
1.733806368737775,6486.858504384,20,13266944,11927552,0,1335296,363454464,492912640
1.750503584768889,6546.933061329,20,13279232,11927552,0,1347584,363466752,485564416
1.767051748084163,6606.503424608,20,13291520,11927552,0,1359872,363479040,487321600
1.7837820608597192,6666.724160303,21,13307904,11927552,0,1376256,363495424,482164736
1.800477592317499,6726.83283454,21,13320192,11927552,0,1388544,363507712,486780928
1.8171725337822218,6786.941547819,21,13332480,11927552,0,1400832,363520000,492871680
1.833728923953608,6846.533926764,21,13340672,11927552,0,1409024,363528192,489283584
1.8504162267372197,6906.622783376,21,13352960,11927552,0,1421312,363540480,487424000
1.8697576492999965,6976.228125492,22,13373440,11927552,0,1441792,363560960,485789696
1.8837911720516665,7026.768830933,22,13385728,11927552,0,1454080,363569152,489033728
1.9004889359938857,7086.862752962,22,13393920,11927552,0,1462272,363585536,488919040
1.9170388616677763,7146.476288282,22,13406208,11927552,0,1474560,363593728,486465536
1.933727934065832,7206.523789602,22,13418496,11927552,0,1486848,363606016,489234432
1.9504230380097214,7266.614589089,22,13426688,11927552,0,1495040,363614208,489832448
1.9671161518286076,7326.716774576,23,13447168,11927552,0,1515520,363634688,486977536
1.9838235855347213,7386.844358397,23,13459456,11927552,0,1527808,363646976,490962944
2.00037911835361,7446.450537675,23,13467648,11927552,0,1536000,363655168,488095744
2.0170737425852754,7506.56273687,23,13479936,11927552,0,1548288,363667456,486567936
2.033758930248053,7566.619290649,23,13492224,11927552,0,1560576,363679744,488697856
2.05048380068722,7626.823467469,24,13508608,11927552,0,1576960,363696128,488800256
2.067038333739167,7686.434099456,24,13520896,11927552,0,1589248,363708416,489328640
2.0837261431074996,7746.529002151,24,13533184,11927552,0,1601536,363720704,493686784
2.1004358308983297,7806.63160343,24,13541376,11927552,0,1609728,363728896,486907904
2.1171264260102745,7866.740999125,24,13553664,11927552,0,1622016,363741184,484888576
2.1359188129694426,7934.398022574,25,13574144,11927552,0,1642496,363761664,486625280
2.1503700859755552,7986.406695557,25,13586432,11927552,0,1654784,363773952,488611840
2.167064081326389,8046.497279919,25,13594624,11927552,0,1662976,363782144,487899136
2.1837650317738855,8106.617469365,25,13606912,11927552,0,1675264,363794432,489308160
2.2004523998183303,8166.706792977,25,13619200,11927552,0,1687552,363806720,489578496
2.2171487093805546,8226.807175297,25,13627392,11927552,0,1695744,363814912,489304064
2.233726719331664,8286.491620326,26,13647872,11927552,0,1716224,363835392,492109824
2.2504172612799973,8346.559910146,26,13660160,11927552,0,1728512,363847680,489140224
2.267116671096111,8406.678915508,26,13668352,11927552,0,1736704,363855872,488235008
2.2838159307691646,8466.787512537,26,13680640,11927552,0,1748992,363868160,488480768
2.300368175461109,8526.388228232,26,13692928,11927552,0,1761280,363880448,483815424
2.317067472923053,8586.512727635,27,13713408,11927552,0,1781760,363896832,483143680
2.333756376984719,8646.588388122,27,13721600,11927552,0,1789952,363909120,488423424
2.350455296228053,8706.696368859,27,13733888,11927552,0,1802240,363921408,487526400
2.367144136657775,8766.80411018,27,13746176,11927552,0,1814528,363933696,490213376
2.383707269279164,8826.3965485,27,13754368,11927552,0,1822720,363941888,486850560
2.402231207893609,8893.074539948,28,13774848,11927552,0,1843200,363962368,473219072
2.4171070519991633,8946.631381224,28,13787136,11927552,0,1855488,363974656,482152448
2.4337944040905537,9006.702389044,28,13795328,11927552,0,1863680,363982848,488562688
2.450488180229719,9066.811236281,28,13807616,11927552,0,1875968,363995136,487956480
2.4670360194849974,9126.363721518,28,13819904,11927552,0,1888256,364007424,487911424
2.483733521831111,9186.478993421,28,13828096,11927552,0,1896448,364015616,488075264
2.5004218535861096,9246.561021992,29,19812352,17891328,0,1916928,369999872,487456768
2.517114296808888,9306.659347312,29,19824640,17891328,0,1929216,370012160,477446144
2.533812389072777,9366.763289216,29,19836928,17891328,0,1941504,370020352,483262464
2.550371421891941,9426.377754952,29,19845120,17891328,0,1949696,370032640,480366592
2.567070607066109,9486.491562481,29,19857408,17891328,0,1961984,370044928,478146560
2.5837892802861098,9546.680361343,30,19877888,17891328,0,1982464,370065408,477347840
2.6004802654130534,9606.76922633,30,19886080,17891328,0,1990656,370073600,479035392
2.6170387537877753,9666.365614942,30,19898368,17891328,0,2002944,370085888,481501184
2.6337339504230557,9726.478730054,30,19910656,17891328,0,2015232,370098176,476360704
2.6504265500452755,9786.562567041,30,19918848,17891328,0,2023424,370106368,477081600
2.6683920002052766,9851.214995738,31,19939328,17891328,0,2043904,370126848,466538496
2.6838322067316644,9906.864343265,31,19951616,17891328,0,2056192,370135040,483749888
2.7003911000544436,9966.438152168,31,19959808,17891328,0,2064384,370147328,483303424
2.717076453936109,10026.540118989,31,19972096,17891328,0,2076672,370159616,480837632
2.733771612617222,10086.597954434,31,19984384,17891328,0,2088960,370171904,481787904
2.750451726726108,10146.690086213,31,19996672,17891328,0,2101248,370180096,478527488
2.767042783222221,10206.367498866,32,20013056,17891328,0,2117632,370200576,484356096
2.783728295429444,10266.474082895,32,20025344,17891328,0,2129920,370212864,482041856
2.800425590774721,10326.540449257,32,20037632,17891328,0,2142208,370225152,481185792
2.8171188936705542,10386.64005241,32,20045824,17891328,0,2150400,370233344,479854592
2.8338105804563867,10446.723448897,32,20058112,17891328,0,2162688,370245632,479297536
2.850412892321664,10506.498435301,33,20078592,17891328,0,2183168,370266112,484659200
2.8671120686552767,10566.607913079,33,20086784,17891328,0,2191360,370274304,480546816
2.883807322830552,10626.716641316,33,20099072,17891328,0,2203648,370286592,479186944
2.900503825652498,10686.825659137,33,20111360,17891328,0,2215936,370298880,480604160
2.917079523216388,10746.472622457,33,20119552,17891328,0,2224128,370307072,483954688
2.9346583439141654,10809.79721807,34,20140032,17891328,0,2244608,370327552,463761408
2.9503784993780533,10866.350831639,34,20152320,17891328,0,2256896,370339840,468459520
2.967063903994163,10926.469451918,34,20164608,17891328,0,2269184,370352128,466677760
2.9837607998208315,10986.526109571,34,20172800,17891328,0,2277376,370360320,469037056
3.000484208391665,11046.725660725,34,20185088,17891328,0,2289664,370372608,473595904
3.0170393388866636,11106.329226462,34,20197376,17891328,0,2301952,370384896,472518656
3.0337294396488867,11166.397573282,35,20213760,17891328,0,2318336,370401280,469573632
3.0504261784199964,11226.540909478,35,20226048,17891328,0,2330624,370413568,466440192
3.067125015403055,11286.644104173,35,20238336,17891328,0,2342912,370425856,472526848
3.083835141073331,11346.79954691,35,20246528,17891328,0,2351104,370434048,473759744
3.100393617124719,11406.393292188,35,20258816,17891328,0,2363392,370446336,469401600
3.1170989227124988,11466.541136425,36,20279296,17891328,0,2383872,370466816,468082688
3.1337981695172212,11526.681478162,36,20287488,17891328,0,2392064,370475008,469737472
3.1504983271783327,11586.778279066,36,20299776,17891328,0,2404352,370487296,470630400
3.167045174886945,11646.330777553,36,20312064,17891328,0,2416640,370503680,471445504
3.183740029395554,11706.440887456,36,20324352,17891328,0,2428928,370511872,474943488
3.2007520521652744,11767.673472944,37,20340736,17891328,0,2445312,370790400,461008896
3.2171718039119432,11826.793794139,37,20353024,17891328,0,2457600,370802688,468848640
3.2337281255366666,11886.377326417,37,20365312,17891328,0,2469888,370814976,466743296
3.2504073107074993,11946.482772946,37,20373504,17891328,0,2478080,370823168,467025920
3.2671014391788855,12006.532036641,37,20385792,17891328,0,2490368,370835456,471040000
3.283794779975833,12066.62571617,37,20398080,17891328,0,2502656,370847744,466763776
3.3004998816283315,12126.76573149,38,20414464,17891328,0,2519040,370864128,455774208
3.3170454357966648,12186.310402352,38,20426752,17891328,0,2531328,370880512,467808256
3.333757631004442,12246.473778839,38,20439040,17891328,0,2543616,370888704,470441984
3.3504495065405555,12306.581353868,38,20447232,17891328,0,2551808,370896896,471089152
3.367132459463889,12366.678934771,38,20459520,17891328,0,2564096,370909184,471187456
3.383710370141109,12426.312413425,39,20480000,17891328,0,2584576,370933760,467869696
3.4004018132577767,12486.392968703,39,20492288,17891328,0,2596864,370941952,465924096
3.417099635408332,12546.500448107,39,20500480,17891328,0,2605056,370950144,463314944
3.4337970073469437,12606.642600427,39,20512768,17891328,0,2617344,370962432,469774336
3.450497479885554,12666.736237748,39,20525056,17891328,0,2629632,370974720,466776064
3.4672168259136096,12726.93287211,40,20541440,17891328,0,2646016,370991104,459575296
3.483774087637499,12786.558890388,40,20553728,17891328,0,2658304,371003392,468447232
3.5004797601,12846.66957225,40,20566016,17891328,0,2670592,371015680,469479424
3.517023410176941,12906.26779832,40,20574208,17891328,0,2678784,371023872,466198528
3.533721278925554,12966.36909639,40,20586496,17891328,0,2691072,371036160,472743936
3.550413525378333,13026.466546044,40,20598784,17891328,0,2703360,371048448,473341952
3.567120902659998,13086.571361031,41,20615168,17891328,0,2719744,371064832,468086784
3.5838219946147203,13146.698507185,41,20627456,17891328,0,2732032,371077120,469581824
3.6003792765658322,13206.286822505,41,20639744,17891328,0,2744320,371089408,469348352
3.6170796054302747,13266.41966145,41,20652032,17891328,0,2756608,371101696,463425536
3.633775839581665,13326.511275562,41,20660224,17891328,0,2764800,371109888,465895424
3.65049127781583,13386.705218299,42,20680704,17891328,0,2785280,371130368,466821120
3.667045179351941,13446.299363953,42,20692992,17891328,0,2797568,371142656,469377024
3.683725662241943,13506.383028231,42,20701184,17891328,0,2805760,371150848,465989632
3.700414276581388,13566.45267201,42,20713472,17891328,0,2818048,371163136,463478784
3.717112075938611,13626.530198247,42,20725760,17891328,0,2830336,371175424,470888448
3.7338146006172206,13686.672055359,43,20742144,17891328,0,2846720,371191808,446242816
3.7503717083197223,13746.300231012,43,20754432,17891328,0,2859008,371204096,467415040
3.7670680537597216,13806.363970416,43,20766720,17891328,0,2871296,371216384,467111936
3.783777006669722,13866.535690986,43,20774912,17891328,0,2879488,371224576,468578304
3.800470469670832,13926.634138765,43,20787200,17891328,0,2891776,371236864,466882560
3.822326670727776,14005.293897469,44,20811776,17891328,0,2916352,371261440,464453632
3.8337045079138865,14046.287747655,44,20819968,17891328,0,2924544,371269632,458493952
3.850396970095555,14106.340054267,44,20828160,17891328,0,2932736,371281920,470335488
3.8670912846047214,14166.444284338,44,20840448,17891328,0,2945024,371290112,472260608
3.8837763795055555,14226.525575866,44,20852736,17891328,0,2957312,371302400,470343680
3.9004669921602746,14286.59455877,44,20860928,17891328,0,2965504,371310592,467415040
3.917171996421663,14346.726745965,45,20881408,17891328,0,2985984,371331072,465297408
3.9337254123633305,14406.328637827,45,20893696,17891328,0,2998272,371339264,470204416
3.950445872155554,14466.477099647,45,20901888,17891328,0,3006464,371351552,468369408
3.9671277732758323,14526.596547218,45,20914176,17891328,0,3018752,371363840,462958592
3.9838244707827752,14586.669495496,45,20926464,17891328,0,3031040,371376128,467914752
4.00041211988,14646.395391567,46,20946944,17891328,0,3051520,371392512,455450624
4.017109391529444,14706.483430012,46,20955136,17891328,0,3059712,371404800,455008256
4.0337972275138885,14766.556194791,46,20967424,17891328,0,3072000,371417088,465428480
4.050486748044443,14826.651154861,46,20979712,17891328,0,3084288,371429376,462114816
4.0670464305566645,14886.262214556,46,20987904,17891328,0,3092480,371437568,468566016
4.088515154191389,14963.533314176,47,21012480,17891328,0,3117056,371462144,438648832
4.100465458135833,15006.564247822,47,21020672,17891328,0,3125248,371470336,470241280
4.117146880684721,15066.659618142,47,21028864,17891328,0,3133440,371478528,470994944
4.133717814958889,15126.257626462,47,21041152,17891328,0,3145728,371490816,470388736
4.150416219822776,15186.381987699,47,21053440,17891328,0,3158016,371503104,466526208
4.1671094880480535,15246.482422311,47,21061632,17891328,0,3166208,371511296,467300352
4.183832311531389,15306.689590298,48,21082112,17891328,0,3186688,371531776,464732160
4.2003897698097195,15366.282165243,48,21094400,17891328,0,3198976,371544064,467427328
4.217089290929443,15426.414512063,48,21106688,17891328,0,3211264,371552256,467251200
4.233790903255831,15486.548834217,48,21114880,17891328,0,3219456,371564544,468590592
4.250490519055553,15546.643750912,48,21127168,17891328,0,3231744,371576832,463933440
4.267082447980554,15606.372077691,49,21147648,17891328,0,3252224,371597312,466362368
4.283764115796944,15666.469546803,49,21155840,17891328,0,3260416,371605504,466440192
4.300457630583333,15726.526519123,49,21168128,17891328,0,3272704,371617792,470384640
4.3171589198136076,15786.634021402,49,21180416,17891328,0,3284992,371630080,465346560
4.333716460991111,15846.247775555,49,21188608,17891328,0,3293184,371638272,464883712
4.354764017255831,15922.027704258,50,21213184,17891328,0,3317760,371662848,456683520
4.367136793134721,15966.552267738,50,21221376,17891328,0,3325952,371671040,464400384
4.383835369229722,16026.677616183,50,21229568,17891328,0,3334144,371679232,463982592
4.400402177078609,16086.312843378,50,21241856,17891328,0,3346432,371691520,466882560
4.417100610213889,16146.42713624,50,21254144,17891328,0,3358720,371703808,461529088
4.433803822139998,16206.544397685,50,21266432,17891328,0,3371008,371712000,467341312
4.4503761214583335,16266.221197422,51,21282816,17891328,0,3387392,371732480,465653760
4.467083490958608,16326.338741951,51,21295104,17891328,0,3399680,371744768,466825216
4.483801018536942,16386.535392021,51,21307392,17891328,0,3411968,371757056,464506880
4.5005016310244415,16446.644062383,51,21315584,17891328,0,3420160,371765248,460083200
4.517065210782219,16506.32142037,51,21327872,17891328,0,3432448,371777536,466546688
4.533790463046664,16566.491992274,52,21348352,17891328,0,3452928,371798016,455315456
4.550492248881945,16626.622794719,52,21356544,17891328,0,3461120,371806208,466198528
4.567047833039445,16686.217519498,52,21368832,17891328,0,3473408,371818496,464646144
4.583743147397775,16746.323281901,52,21381120,17891328,0,3485696,371830784,470863872
4.600435455546111,16806.449097972,52,21389312,17891328,0,3493888,371838976,463548416
4.620955181293054,16880.263510715,53,21413888,17891328,0,3518464,371863552,456302592
4.633746896307777,16926.345699404,53,21422080,17891328,0,3526656,371871744,460840960
4.650429718511663,16986.422847266,53,21434368,17891328,0,3538944,371879936,463798272
4.667124136236667,17046.526523794,53,21442560,17891328,0,3547136,371892224,467062784
4.683804277462498,17106.575987198,53,21454848,17891328,0,3559424,371904512,465702912
4.700504011266388,17166.652464185,53,21467136,17891328,0,3571712,371916800,465301504
4.717083273543609,17226.33999638,54,21483520,17891328,0,3588096,371937280,463187968
4.733780327368331,17286.461410867,54,21495808,17891328,0,3600384,371945472,463990784
4.750475489227497,17346.549495687,54,21508096,17891328,0,3612672,371957760,465649664
4.767053578473331,17406.185165008,54,21516288,17891328,0,3620864,371965952,467021824
4.783754476396389,17466.355186661,54,21528576,17891328,0,3633152,371978240,462299136
4.800452281156387,17526.468771732,55,21549056,17891328,0,3653632,371998720,453177344
4.817156524734997,17586.58806576,55,21557248,17891328,0,3661824,372006912,466440192
4.833710799264999,17646.18541333,55,21569536,17891328,0,3674112,372019200,463613952
4.850412207151389,17706.304108442,55,21581824,17891328,0,3686400,372031488,464265216
4.867113027686941,17766.424526679,55,21594112,17891328,0,3698688,372039680,465252352
4.88703620977361,17838.14602588,56,21614592,17891328,0,3719168,372064256,444157952
4.9003783216252765,17886.205569736,56,21622784,17891328,0,3727360,372072448,466530304
4.917072562866944,17946.267722307,56,21635072,17891328,0,3739648,372084736,462958592
4.933769980644441,18006.383160794,56,21643264,17891328,0,3747840,372092928,460230656
4.9504695634499996,18066.499655447,56,21655552,17891328,0,3760128,372105216,454955008
4.967170145616389,18126.629181143,56,21667840,17891328,0,3772416,372117504,460726272
4.983738701856386,18186.276883171,57,21684224,17891328,0,3788800,372133888,461950976
5.000433202832497,18246.36185245,57,21696512,17891328,0,3801088,372146176,465702912
5.017124581231389,18306.444618603,57,21708800,17891328,0,3813376,372158464,458977280
5.033823796054441,18366.575562882,57,21716992,17891328,0,3821568,372166656,461492224
5.050378018591109,18426.172834619,57,21729280,17891328,0,3833856,372178944,461049856
5.06711723737472,18486.416216523,58,21749760,17891328,0,3854336,372199424,452468736
5.083799679127777,18546.51932476,58,21762048,17891328,0,3866624,372211712,464015360
5.100483232378886,18606.57629133,58,21770240,17891328,0,3874816,372219904,459943936
5.117040361699166,18666.133991067,58,21782528,17891328,0,3887104,372232192,459038720
5.13374543561833,18726.285800137,58,21794816,17891328,0,3899392,372244480,459571200
5.153234374890276,18796.432581545,59,21815296,17891328,0,3919872,372264960,453050368
5.167135689838611,18846.475239569,59,21823488,17891328,0,3928064,372273152,459988992
5.183836356163055,18906.596062056,59,21835776,17891328,0,3940352,372285440,461164544
5.200398200026664,18966.224739418,59,21843968,17891328,0,3948544,372293632,465469440
5.21711585918861,19026.389911238,59,21856256,17891328,0,3960832,372310016,463044608
5.23382295044861,19086.548274225,59,21868544,17891328,0,3973120,372318208,460939264
5.250408371763333,19146.273937754,60,21884928,17891328,0,3989504,372334592,457748480
5.267111228164443,19206.385977199,60,21897216,17891328,0,4001792,372346880,461565952
5.283791812799444,19266.473994561,60,21909504,17891328,0,4014080,372359168,457015296
5.300502306262222,19326.587776007,60,21921792,17891328,0,4026368,372371456,461926400
5.317056843423056,19386.190017577,60,21929984,17891328,0,4034560,372379648,457592832
5.333781036497498,19446.386495689,61,27914240,23855104,0,4055040,378363904,448159744
5.350481437394164,19506.505263759,61,27926528,23855104,0,4067328,378376192,454598656
5.367034773306388,19566.101464787,61,27934720,23855104,0,4075520,378384384,453943296
5.383739203090832,19626.238467441,61,27947008,23855104,0,4087808,378396672,454889472
5.400432871272775,19686.342463261,61,27959296,23855104,0,4100096,378408960,453074944
5.419412435770832,19754.645070502,62,27979776,23855104,0,4120576,378429440,454447104
5.433733472281666,19806.208811277,62,27987968,23855104,0,4128768,378437632,458010624
5.450428079683609,19866.324509472,62,28000256,23855104,0,4141056,378454016,451821568
5.467111247966944,19926.411083959,62,28008448,23855104,0,4149248,378458112,459173888
5.483804680498611,19986.478344071,62,28020736,23855104,0,4161536,378470400,453095424
5.50049121628861,20046.570551308,62,28033024,23855104,0,4173824,378482688,454111232
5.5170717621686105,20106.215676462,63,28053504,23855104,0,4194304,378503168,450707456
5.533769338398888,20166.334035907,63,28061696,23855104,0,4202496,378511360,454758400
5.55046937269972,20226.460401436,63,28073984,23855104,0,4214784,378523648,452481024
5.567041625122498,20286.100742256,63,28086272,23855104,0,4227072,378535936,450621440
5.583740834392221,20346.230747618,63,28094464,23855104,0,4235264,378544128,450490368
5.600453700357777,20406.390138688,64,28114944,23855104,0,4255744,378564608,451198976
5.617152550176389,20466.510492092,64,28127232,23855104,0,4268032,378576896,449105920
5.633713103651943,20526.120823662,64,28135424,23855104,0,4276224,378585088,454213632
5.650414147039721,20586.270500274,64,28147712,23855104,0,4288512,378597376,455254016
5.667118042221389,20646.361862469,64,28160000,23855104,0,4300800,378609664,457756672
5.685497532764441,20712.524584667,65,28180480,23855104,0,4321280,378630144,431222784
5.700384419280555,20766.125673568,65,28188672,23855104,0,4329472,378638336,450646016
5.7170866389425,20826.258735138,65,28200960,23855104,0,4341760,378650624,455659520
5.733788470412498,20886.382799459,65,28213248,23855104,0,4354048,378662912,455278592
5.7504859730544435,20946.518553112,65,28221440,23855104,0,4362240,378671104,454602752
5.767048065275833,21006.105567682,65,28233728,23855104,0,4374528,378683392,452689920
5.783756654516663,21066.263476753,66,28254208,23855104,0,4395008,378703872,452968448
5.800454157731943,21126.365701698,66,28262400,23855104,0,4403200,378712064,448675840
5.817150859917222,21186.479086268,66,28274688,23855104,0,4415488,378724352,455626752
5.833711387608055,21246.092179339,66,28286976,23855104,0,4427776,378736640,452493312
5.8504147059388885,21306.225716326,66,28295168,23855104,0,4435968,378744832,455835648
5.867135513458888,21366.438212813,67,28315648,23855104,0,4456448,378765312,454684672
5.883836778119443,21426.540043425,67,28327936,23855104,0,4468736,378777600,450265088
5.900398666625556,21486.204846995,67,28340224,23855104,0,4481024,378785792,450957312
5.917102560099722,21546.295935273,67,28348416,23855104,0,4489216,378798080,449589248
5.933804328374164,21606.428871219,67,28360704,23855104,0,4501504,378810368,451031040
5.951636334363332,21670.618684749,68,28381184,23855104,0,4521984,378830848,427839488
5.967081587901666,21726.210428817,68,28389376,23855104,0,4530176,378839040,452071424
5.983798556885555,21786.396287263,68,28401664,23855104,0,4542464,378851328,454991872
6.000501011984165,21846.518979292,68,28413952,23855104,0,4554752,378863616,448098304
6.017044553067778,21906.117513695,68,28422144,23855104,0,4562944,378871808,443846656
6.0337550242566635,21966.199893349,68,28434432,23855104,0,4575232,378884096,450052096
6.050460032544167,22026.382004669,69,28454912,23855104,0,4595712,378904576,453332992
6.067174293917221,22086.539403823,69,28463104,23855104,0,4603904,378912768,453222400
6.083735004477219,22146.164192351,69,28475392,23855104,0,4616192,378925056,448827392
6.100436942601664,22206.283981921,69,28487680,23855104,0,4628480,378937344,451366912
6.11714848254722,22266.433609283,69,28499968,23855104,0,4640768,378945536,454836224
6.133741150648332,22326.15501327,70,28516352,23855104,0,4657152,378966016,448475136
6.150442078104166,22386.293417799,70,28528640,23855104,0,4669440,378978304,451280896
6.167144780815555,22446.422055953,70,28540928,23855104,0,4681728,378990592,445415424
6.18370139928611,22506.035570731,70,28549120,23855104,0,4689920,378998784,455180288
6.200404754989164,22566.15788826,70,28561408,23855104,0,4702208,379011072,454799360
6.217809285085831,22628.812425915,71,28581888,23855104,0,4722688,379031552,453779456
6.233811598137496,22686.415835067,71,28590080,23855104,0,4730880,379039744,446435328
6.250369476253331,22746.037157137,71,28602368,23855104,0,4743168,379052032,448626688
6.267060972333331,22806.109261791,71,28614656,23855104,0,4755456,379064320,451358720
6.283761752780831,22866.250317736,71,28622848,23855104,0,4763648,379072512,450314240
6.300448989542222,22926.297325598,71,28635136,23855104,0,4775936,379084800,453693440
6.317034552631667,22986.04082121,72,28655616,23855104,0,4796416,379105280,449466368
6.333732793144999,23046.12326978,72,28663808,23855104,0,4804608,379113472,452190208
6.350431863946389,23106.238822892,72,28676096,23855104,0,4816896,379125760,453308416
6.367132012124166,23166.373211379,72,28688384,23855104,0,4829184,379138048,452653056
6.383815744653334,23226.469103241,72,28700672,23855104,0,4841472,379150336,455274496
6.400399899468333,23286.115975978,73,28717056,23855104,0,4857856,379166720,450523136
6.417102468773608,23346.27257659,73,28729344,23855104,0,4870144,379179008,451743744
6.433815035413055,23406.400061494,73,28741632,23855104,0,4882432,379191296,447795200
6.450370942274167,23466.006944064,73,28749824,23855104,0,4890624,379199488,452460544
6.46706836644611,23526.130341217,73,28762112,23855104,0,4902912,379211776,453406720
6.483977232608053,23586.988090788,74,28782592,23855104,0,4923392,379232256,447447040
6.500398706893053,23646.106556108,74,28790784,23855104,0,4931584,379240448,451354624
6.517113236643608,23706.280814137,74,28803072,23855104,0,4943872,379252736,446603264
6.533795290908052,23766.361985374,74,28815360,23855104,0,4956160,379265024,442400768
6.550496175743053,23826.470287152,74,28823552,23855104,0,4964352,379273216,447660032
6.567050684129443,23886.043920889,74,28835840,23855104,0,4976640,379285504,445599744
6.583754940827219,23946.186693418,75,28856320,23855104,0,4997120,379305984,449867776
6.600460679033608,24006.320415821,75,28868608,23855104,0,5009408,379318272,450990080
6.617154615483333,24066.419264267,75,28876800,23855104,0,5017600,379326464,451534848
6.633729510198609,24126.07116717,75,28889088,23855104,0,5029888,379338752,450871296
6.650427732552776,24186.19564949,75,28901376,23855104,0,5042176,379351040,442740736
6.667118008517221,24246.269936769,76,28917760,23855104,0,5058560,379367424,441987072
6.683823179716108,24306.412206923,76,28930048,23855104,0,5070848,379379712,447188992
6.700393718732222,24366.07055341,76,28942336,23855104,0,5083136,379392000,449617920
6.717097619145,24426.220606647,76,28950528,23855104,0,5091328,379400192,445734912
6.733810529412222,24486.356835134,76,28962816,23855104,0,5103616,379412480,451825664
6.750501479242222,24546.462279912,77,28983296,23855104,0,5124096,379432960,423026688
6.767077118698609,24606.101552274,77,28995584,23855104,0,5136384,379445248,450281472
6.783778231991944,24666.244903886,77,29003776,23855104,0,5144576,379453440,448692224
6.800476879099721,24726.363125956,77,29016064,23855104,0,5156864,379465728,449208320
6.817034612741389,24785.969301026,77,31232000,26058752,0,5169152,381681664,444243968
6.839080331883609,24865.322782064,78,31252480,26058752,0,5189632,381702144,433242112
6.850477004697221,24906.359478209,78,31260672,26058752,0,5197824,381710336,451735552
6.867040252992499,24965.976402821,78,31272960,26058752,0,5210112,381722624,451739648
6.883739653881664,25026.118830558,78,31281152,26058752,0,5218304,381730816,442347520
6.900441555191388,25086.223535711,78,31293440,26058752,0,5230592,381743104,447885312
6.917152105789165,25146.365986615,78,31305728,26058752,0,5242880,381759488,443973632
6.933745011736666,25206.114799852,79,31322112,26058752,0,5259264,381771776,440553472
6.950448180718886,25266.234491964,79,31334400,26058752,0,5271552,381784064,446517248
6.9671460739891655,25326.352856492,79,31346688,26058752,0,5283840,381800448,442236928
6.983701501790557,25385.960169604,79,31358976,26058752,0,5296128,381808640,447000576
7.000400610501384,25446.0654138,79,31367168,26058752,0,5304320,381816832,445247488
7.017103265461386,25506.209803162,80,31387648,26058752,0,5324800,381837312,443158528
7.03380139375694,25566.30301244,80,31399936,26058752,0,5337088,381849600,439365632
7.050518238548328,25626.478806719,80,31408128,26058752,0,5345280,381857792,448094208
7.067076521387499,25686.094323164,80,31420416,26058752,0,5357568,381870080,445349888
7.083778784771388,25746.219792484,80,31432704,26058752,0,5369856,381882368,440938496
7.105105249518335,25822.991972146,81,31453184,26058752,0,5390336,381902848,437030912
7.117037568777499,25865.9840645,81,31461376,26058752,0,5398528,381911040,445259776
7.133740065621945,25926.076503028,81,31473664,26058752,0,5410816,381923328,446074880
7.150440998000834,25986.199973557,81,31481856,26058752,0,5419008,381931520,447553536
7.1671347295569445,26046.291102252,81,31494144,26058752,0,5431296,381943808,449945600
7.183829732280275,26106.374906323,81,31506432,26058752,0,5443584,381956096,447787008
7.200444868458055,26166.18906156,82,31526912,26058752,0,5464064,381976576,443830272
7.217144236569164,26226.33694988,82,31535104,26058752,0,5472256,381984768,444280832
7.233706210051112,26285.93585445,82,31547392,26058752,0,5484544,381997056,444694528
7.2503882466169385,26346.016902395,82,31559680,26058752,0,5496832,382009344,442036224
7.267086890484724,26406.106216424,82,31567872,26058752,0,5505024,382017536,438247424
7.283818495656386,26466.312939578,83,31588352,26058752,0,5525504,382038016,445399040
7.300394886860829,26526.003739315,83,31600640,26058752,0,5537792,382050304,449777664
7.317095318568608,26586.141525177,83,31608832,26058752,0,5545984,382058496,444665856
7.333796924583051,26646.271654872,83,31621120,26058752,0,5558272,382070784,442605568
7.3504919865627745,26706.372749692,83,31633408,26058752,0,5570560,382083072,444899328
7.3712780671194436,26781.200805061,84,31653888,26058752,0,5591040,382103552,447676416
7.383789171955553,26826.217320541,84,31662080,26058752,0,5599232,382111744,444428288
7.400485793267217,26886.329241903,84,31674368,26058752,0,5611520,382128128,445022208
7.41704899377555,26945.959933598,84,31686656,26058752,0,5623808,382136320,446656512
7.433755518292496,27006.092576627,84,31694848,26058752,0,5632000,382144512,445243392
7.450456525103056,27066.234804614,84,31707136,26058752,0,5644288,382156800,447414272
7.467167825970278,27126.385654392,85,31727616,26058752,0,5664768,382177280,444010496
7.483724064422778,27185.979778838,85,31735808,26058752,0,5672960,382185472,442327040
7.500423381173055,27246.131704325,85,31748096,26058752,0,5685248,382197760,445784064
7.517138851538054,27306.278475728,85,31760384,26058752,0,5697536,382210048,444534784
7.533838727198058,27366.391507382,85,31768576,26058752,0,5705728,382218240,442826752
7.550395435709724,27425.993521785,86,31789056,26058752,0,5726208,382238720,435798016
7.567117563521113,27486.185437314,86,31801344,26058752,0,5738496,382251008,446959616
7.583821109245279,27546.325751176,86,31809536,26058752,0,5746688,382263296,445181952
7.600381519163056,27605.939160038,86,31821824,26058752,0,5758976,382271488,437202944
7.617082841916668,27666.05570815,86,31834112,26058752,0,5771264,382283776,442732544
7.637444079351666,27739.363030351,87,31854592,26058752,0,5791744,382304256,425074688
7.650378081241385,27785.925784874,87,31862784,26058752,0,5799936,382312448,441614336
7.667066759513335,27846.029350236,87,31875072,26058752,0,5812224,382324736,440385536
7.683765473106946,27906.104145306,87,31887360,26058752,0,5824512,382337024,439775232
7.700469134613611,27966.245170835,87,31895552,26058752,0,5832704,382345216,441409536
7.717171316573885,28026.377831905,87,31907840,26058752,0,5844992,382357504,441581568
7.733766095480557,28086.103891017,88,31928320,26058752,0,5865472,382377984,442462208
7.750488636589718,28146.28362592,88,31936512,26058752,0,5873664,382386176,442740736
7.7670520978122175,28205.951497616,88,31948800,26058752,0,5885952,382398464,442073088
7.783756478191943,28266.058736144,88,31961088,26058752,0,5898240,382410752,445071360
7.800459948659999,28326.208799465,88,31969280,26058752,0,5906432,382418944,439386112
7.817057957269167,28385.935993743,89,31989760,26058752,0,5926912,382439424,435884032
7.833772671643884,28446.10484448,89,32002048,26058752,0,5939200,382451712,439791616
7.850472682280556,28506.24222405,89,32014336,26058752,0,5951488,382464000,442970112
7.867038593893335,28565.873791329,89,32022528,26058752,0,5959680,382468096,438636544
7.883740337575,28625.997389483,89,32034816,26058752,0,5971968,382484480,441430016
7.903668842035,28697.743912558,90,32055296,26058752,0,5992448,382504960,420265984
7.917153132766665,28746.293764873,90,32063488,26058752,0,6000640,382513152,437460992
7.933726151839995,28805.937285485,90,32075776,26058752,0,6012928,382525440,444948480
7.950429122891106,28866.064651514,90,32088064,26058752,0,6025216,382537728,446697472
7.96712734644222,28926.190512167,90,32096256,26058752,0,6033408,382545920,434573312
7.983821149790828,28986.314332196,90,32108544,26058752,0,6045696,382558208,440967168
8.000377932135832,29045.888479349,91,32129024,26058752,0,6066176,382578688,438890496
8.017078944628334,29106.006093795,91,32141312,26058752,0,6078464,382586880,438751232
8.03379553787694,29166.163478157,91,32149504,26058752,0,6086656,382599168,437739520
8.050508706992776,29226.334539435,91,32161792,26058752,0,6098944,382611456,441856000
8.067069321904443,29285.991645214,91,32174080,26058752,0,6111232,382623744,444604416
8.083807544243884,29346.223330368,92,32190464,26058752,0,6127616,382640128,436121600
8.100504430133054,29406.337995146,92,32202752,26058752,0,6139904,382652416,444215296
8.117082145917221,29466.016754508,92,32215040,26058752,0,6152192,382664704,438890496
8.133792679484444,29526.155873745,92,32223232,26058752,0,6160384,382672896,441004032
8.150491824282216,29586.266627565,92,32235520,26058752,0,6172672,382685184,437252096
8.169868460916389,29656.070367974,93,32256000,26058752,0,6193152,382705664,431669248
8.183779402542221,29706.113407164,93,38227968,32022528,0,6201344,388677632,430452736
8.20048116805028,29766.239078818,93,38240256,32022528,0,6213632,388689920,434843648
8.21705425092083,29825.880626388,93,38252544,32022528,0,6225920,388702208,432189440
8.233750947081942,29886.009244208,93,38260736,32022528,0,6234112,388710400,432476160
8.250471704835,29946.197786112,93,38273024,32022528,0,6246400,388722688,434008064
8.267042705947217,30005.855808432,94,38293504,32022528,0,6266880,388747264,435531776
8.283736503827225,30065.954220294,94,38305792,32022528,0,6279168,388755456,434348032
8.300431378347502,30126.092047865,94,38313984,32022528,0,6287360,388763648,435433472
8.31714054928167,30186.200443143,94,38326272,32022528,0,6299648,388775936,435408896
8.333838554339163,30246.322945505,94,38338560,32022528,0,6311936,388792320,433500160
8.350428972587219,30306.037358284,95,38354944,32022528,0,6328320,388804608,433852416
8.367122460785556,30366.123604854,95,38367232,32022528,0,6340608,388816896,432340992
8.38383478520861,30426.282450549,95,38379520,32022528,0,6352896,388829184,435273728
8.400398084217223,30485.911769786,95,38387712,32022528,0,6361088,388837376,430411776
8.417102883074444,30546.063481398,95,38400000,32022528,0,6373376,388849664,432422912
8.43602826328944,30614.198221014,96,38420480,32022528,0,6393856,388870144,423260160
8.450499162178886,30666.269283997,96,38432768,32022528,0,6406144,388882432,434524160
8.467064479588055,30725.911924026,96,38440960,32022528,0,6414336,388890624,428187648
8.483765089523052,30786.021758054,96,38453248,32022528,0,6426624,388902912,434782208
8.500469699185551,30846.160521041,96,38465536,32022528,0,6438912,388915200,431931392
8.517019302558612,30905.785536653,96,38473728,32022528,0,6447104,388923392,433676288
8.533721802695,30965.881636265,97,38494208,32022528,0,6467584,388943872,429981696
8.550431637504719,31026.024664669,97,38506496,32022528,0,6479872,388956160,435159040
8.567143383219994,31086.179559864,97,38514688,32022528,0,6488064,388964352,437112832
8.583724191543887,31145.855772726,97,38526976,32022528,0,6500352,388976640,435302400
8.600424863002498,31205.987984004,97,38539264,32022528,0,6512640,388988928,436199424
8.617128843447224,31266.124227575,98,38555648,32022528,0,6529024,389005312,430592000
8.633827147913884,31326.252581812,98,38567936,32022528,0,6541312,389017600,431525888
8.650390744976386,31385.85841684,98,38580224,32022528,0,6553600,389029888,432050176
8.667108371903613,31446.036753452,98,38592512,32022528,0,6565888,389042176,435535872
8.683809736718613,31506.177650856,98,38600704,32022528,0,6574080,389050368,435064832
8.70222174910472,31572.421413429,99,38621184,32022528,0,6594560,389070848,417296384
8.717103565488053,31626.057935246,99,38633472,32022528,0,6606848,389083136,433377280
8.73380666676722,31686.155988483,99,38641664,32022528,0,6615040,389091328,429793280
8.750372977176383,31745.776505845,99,38653952,32022528,0,6627328,389103616,431230976
8.767080182638335,31805.932867249,99,38666240,32022528,0,6639616,389115904,430358528
8.783783911938889,31866.059315694,99,38674432,32022528,0,6647808,389124096,435445760
8.800379464495272,31925.811868306,100,38694912,32022528,0,6668288,389144576,429637632
8.817079744134995,31985.936058376,100,38707200,32022528,0,6680576,389156864,428740608
8.83379145515444,32046.095940738,100,38715392,32022528,0,6688768,389165056,433115136
8.850488768134998,32106.20642735,100,38727680,32022528,0,6701056,389177344,432619520
8.867048902476938,32165.815537254,100,38739968,32022528,0,6713344,389189632,431476736
8.883742992037224,32225.901796699,101,38760448,32022528,0,6733824,389210112,425840640
8.900466027029445,32286.116845686,101,38768640,32022528,0,6742016,389218304,431263744
8.917169317886389,32346.24025309,101,38780928,32022528,0,6754304,389230592,429821952
8.933726031045275,32405.851872743,101,38793216,32022528,0,6766592,389242880,428613632
8.950455745776942,32466.075136022,101,38801408,32022528,0,6774784,389251072,432570368
8.968299856042496,32530.300142511,102,38821888,32022528,0,6795264,389271552,426668032
8.983740807551666,32585.918969121,102,38834176,32022528,0,6807552,389283840,430477312
9.000442636853888,32646.047373899,102,38842368,32022528,0,6815744,389292032,429588480
9.017144595322218,32706.145267345,102,38854656,32022528,0,6828032,389304320,430903296
9.033708754920832,32765.789843123,102,38866944,32022528,0,6840320,389316608,429260800
9.050402789044998,32825.867255444,102,38875136,32022528,0,6848512,389328896,431153152
9.067109253761389,32886.009455889,103,38895616,32022528,0,6868992,389345280,428568576
9.083823058314163,32946.143960834,103,38907904,32022528,0,6881280,389357568,427646976
9.100386200524161,33005.812160279,103,38920192,32022528,0,6893568,389365760,430268416
9.117090031905278,33065.938756808,103,38928384,32022528,0,6901760,389378048,433496064
9.13379205652389,33126.06021742,103,38940672,32022528,0,6914048,389390336,426704896
9.150502435211383,33186.218516449,104,38961152,32022528,0,6934528,389410816,423530496
9.167072446726944,33245.868246185,104,38969344,32022528,0,6942720,389414912,433074176
9.183798461418611,33306.081488089,104,38981632,32022528,0,6955008,389431296,429473792
9.200367222453885,33365.739566284,104,38993920,32022528,0,6967296,389443584,431300608
9.217067935456111,33425.843997605,104,39002112,32022528,0,6975488,389451776,434192384
9.23449145454611,33488.554965676,105,39022592,32022528,0,6995968,389472256,419020800
9.250505222889721,33546.227997204,105,39034880,32022528,0,7008256,389484544,431243264
9.267063016754166,33605.831942149,105,39043072,32022528,0,7016448,389492736,428199936
9.283770299295833,33665.978778552,105,39055360,32022528,0,7028736,389505024,430751744
9.30047393022722,33726.101886998,105,39067648,32022528,0,7041024,389517312,423710720
9.317043073891941,33785.751227818,105,39079936,32022528,0,7053312,389525504,430665728
9.333762071270273,33845.982385222,106,39096320,32022528,0,7069696,389545984,432324608
9.350467885307776,33906.08566475,106,39108608,32022528,0,7081984,389558272,427696128
9.367036924659446,33965.734793737,106,39120896,32022528,0,7094272,389570560,431116288
9.383739309415274,34025.852111766,106,39129088,32022528,0,7102464,389578752,433045504
9.400426123413054,34085.939214544,106,39141376,32022528,0,7114752,389591040,430616576
9.417064683654996,34145.834332573,107,39161856,32022528,0,7135232,393101312,428158976
9.433766038062773,34205.941769685,107,39170048,32022528,0,7143424,393109504,423944192
9.450467542307775,34266.07782238,107,39182336,32022528,0,7155712,393121792,426586112
9.46703527521055,34325.716948117,107,39194624,32022528,0,7168000,393134080,425177088
9.483739384869445,34385.847392646,107,39202816,32022528,0,7176192,393142272,423309312
9.500613625336385,34446.626467216,108,39223296,32022528,0,7196672,393162752,418512896
9.517170861619718,34506.195818995,108,39235584,32022528,0,7208960,393175040,423739392
9.53373697194528,34565.835938773,108,39247872,32022528,0,7221248,393187328,424263680
9.550442674567773,34625.977816719,108,39256064,32022528,0,7229440,393195520,428433408
9.567157623570278,34686.122956497,108,39268352,32022528,0,7241728,393207808,429682688
9.583714433076384,34745.742680317,108,39280640,32022528,0,7254016,393220096,425529344
9.600438615333607,34805.961109971,109,39297024,32022528,0,7270400,393236480,422084608
9.617146260895558,34866.102406333,109,39309312,32022528,0,7282688,393248768,417165312
9.633708205501664,34925.723813361,109,39321600,32022528,0,7294976,393261056,425807872
9.650407533896667,34985.837747098,109,39329792,32022528,0,7303168,393269248,426446848
9.667106344493336,35045.966642794,109,39342080,32022528,0,7315456,393281536,424493056
9.683845949431108,35106.207102406,110,39362560,32022528,0,7335936,393302016,419594240
9.700404838727772,35165.827921934,110,39370752,32022528,0,7344128,393310208,426938368
9.717102221329446,35225.93588588,110,39383040,32022528,0,7356416,393322496,428273664
9.733806289591941,35286.065147867,110,39395328,32022528,0,7368704,393334784,427859968
9.750374232044997,35345.718303937,110,39407616,32022528,0,7380992,393347072,428437504
9.767110355175554,35405.94038884,111,39424000,32022528,0,7397376,393363456,415596544
9.783819668206108,35466.097768911,111,39436288,32022528,0,7409664,393375744,423608320
9.80037738161472,35525.714111398,111,39448576,32022528,0,7421952,393388032,421257216
9.817079015246385,35585.839183926,111,39456768,32022528,0,7430144,393396224,424943616
9.83379102688944,35645.988069788,111,39469056,32022528,0,7442432,393408512,421257216
9.855809412225273,35725.266444743,112,39493632,32022528,0,7467008,393433088,423952384
9.867077509913328,35765.817994595,112,39497728,32022528,0,7471104,393437184,423477248
9.883783877297223,35825.974131916,112,39510016,32022528,0,7483392,393449472,418164736
9.900485499445276,35886.087849069,112,39522304,32022528,0,7495680,393461760,424542208
9.917050785048334,35945.73251114,112,39530496,32022528,0,7503872,393469952,428097536
9.933753870607777,36005.860117335,112,39542784,32022528,0,7516160,393482240,425967616
9.950501767806943,36066.147588239,113,39563264,32022528,0,7536640,393502720,423026688
9.967061698980551,36125.758086975,113,39575552,32022528,0,7548928,393510912,422940672
9.983763074623607,36185.892338462,113,39583744,32022528,0,7557120,393523200,420298752
10.000476901125836,36246.057417324,113,39596032,32022528,0,7569408,393535488,422297600
10.017041217832778,36305.701917561,113,39608320,32022528,0,7581696,393547776,421060608
10.033794231143053,36366.013603548,114,39624704,32022528,0,7598080,393564160,412364800
10.050505428883884,36426.151045827,114,39636992,32022528,0,7610368,393576448,420462592
10.067075342223607,36485.807818397,114,39649280,32022528,0,7622656,393588736,421191680
10.083774138964444,36545.912464384,114,39657472,32022528,0,7630848,393596928,425742336
10.100484034710833,36606.068391913,114,39669760,32022528,0,7643136,393609216,421781504
10.12195232066861,36683.354765158,115,39694336,32022528,0,7667712,393633792,423452672
10.133765749301942,36725.884527845,115,39698432,32022528,0,7671808,393637888,422916096
10.150484655236385,36786.050141207,115,39710720,32022528,0,7684096,393650176,424345600
10.167055260296385,36845.721043027,115,39723008,32022528,0,7696384,393662464,426627072
10.183775557019722,36905.901480681,115,39735296,32022528,0,7708672,393674752,422260736
10.200481224352496,36966.051424043,115,39743488,32022528,0,7716864,393682944,423612416
10.21705223602583,37025.710595113,116,39763968,32022528,0,7737344,393703424,416813056
10.233749678121384,37085.816810683,116,39776256,32022528,0,7749632,393715712,423489536
10.25045305423694,37145.944564004,116,39784448,32022528,0,7757824,393723904,422961152
10.267150654346107,37206.066346157,116,39796736,32022528,0,7770112,393736192,422912000
10.283708484809168,37265.686119352,116,39809024,32022528,0,7782400,393748480,424181760
10.300441395830834,37325.902864089,117,39825408,32022528,0,7798784,393764864,415248384
10.317145037611109,37386.033878535,117,39837696,32022528,0,7811072,393777152,422334464
10.333714913164165,37445.688046355,117,39849984,32022528,0,7823360,393789440,417984512
10.350407361734161,37505.805586925,117,39858176,32022528,0,7831552,393797632,419635200
10.367105767735,37565.883336329,117,39870464,32022528,0,7843840,393809920,416747520
10.388027530343331,37641.202581531,118,39895040,32022528,0,7868416,393834496,412176384
10.400400725180832,37685.743123219,118,39903232,32022528,0,7876608,393842688,420663296
10.417103450940001,37745.860489748,118,39911424,32022528,0,7884800,393854976,422371328
10.433815864219165,37806.036388818,118,39923712,32022528,0,7897088,393863168,421814272
10.450382115084446,37865.67492793,118,39936000,32022528,0,7909376,393875456,424927232
10.467093456054718,37925.817888375,118,39944192,32022528,0,7917568,393883648,421761024
10.483785861292773,37985.911606154,119,39964672,32022528,0,7938048,393904128,417456128
10.500484884772773,38046.020852224,119,39976960,32022528,0,7950336,393916416,417517568
10.517047372075274,38105.643036669,119,39985152,32022528,0,7958528,393924608,416636928
10.533749615756662,38165.77709924,119,39997440,32022528,0,7970816,393936896,419446784
10.550452562258053,38225.894406185,119,40009728,32022528,0,7983104,393949184,419803136
10.567142036224169,38285.999618255,120,40030208,32022528,0,8003584,393965568,419770368
10.583717256499165,38345.634231034,120,40038400,32022528,0,8011776,393977856,421076992
10.600413922378333,38405.768709438,120,40050688,32022528,0,8024064,393990144,413204480
10.617122652384165,38465.899386633,120,40062976,32022528,0,8036352,394002432,414982144
10.633839585828335,38526.07996837,120,40071168,32022528,0,8044544,394010624,423809024
10.65418017539722,38599.337269155,121,40095744,32022528,0,8069120,394035200,422907904
10.66712384122389,38645.880571219,121,40103936,32022528,0,8077312,394043392,419536896
10.683826545625278,38706.013289331,121,40112128,32022528,0,8085504,394051584,424546304
10.700391622499996,38765.668921526,121,40124416,32022528,0,8097792,394063872,418025472
10.717096596456944,38825.804438013,121,40136704,32022528,0,8110080,394076160,419143680
10.733810995783335,38885.95520175,121,40144896,32022528,0,8118272,394084352,425713664
10.750390318880276,38945.64057307,122,40165376,32022528,0,8138752,394104832,416616448
10.767086706811387,39005.749899099,122,40177664,32022528,0,8151040,394117120,419774464
10.783789924681106,39065.872129919,122,40185856,32022528,0,8163328,394125312,427581440
10.800500108702495,39126.035446156,122,40198144,32022528,0,8171520,394137600,419323904
10.817062229251388,39185.654045893,122,40210432,32022528,0,8183808,394149888,420405248
10.833804284633056,39245.93997488,123,40230912,32022528,0,8204288,394170368,424980480
10.850380668556665,39305.587965742,123,40239104,32022528,0,8212480,394178560,417402880
10.867089315340273,39365.742524479,123,40251392,32022528,0,8224768,394190848,419270656
10.88379761851472,39425.898395507,123,40263680,32022528,0,8237056,394203136,411643904
10.90050267643444,39486.040048078,123,40271872,32022528,0,8245248,394211328,414420992
10.920423264982778,39557.739464154,124,40296448,32022528,0,8269824,394235904,410025984
10.933774801785557,39605.806272218,124,40304640,32022528,0,8278016,394244096,415559680
10.950469417810002,39665.951003413,124,40312832,32022528,0,8286208,394252288,419123200
10.967170495680831,39726.036171025,124,40325120,32022528,0,8298496,394264576,419618816
10.983732629753884,39785.643471304,124,40337408,32022528,0,8310784,394276864,419692544
11.000443396391388,39845.816172499,124,40345600,32022528,0,8318976,394285056,417013760
11.017048276429996,39905.582052861,125,40366080,32022528,0,8339456,394305536,418025472
11.03375116819139,39965.71150189,125,46342144,37986304,0,8351744,400281600,411762688
11.050457291200834,40025.859625668,125,46354432,37986304,0,8364032,400293888,411480064
11.067164634521662,40086.015324072,125,46362624,37986304,0,8372224,400302080,413077504
11.083727638293608,40145.623688184,125,46374912,37986304,0,8384512,400314368,416555008
11.100476248263051,40205.920893588,126,46395392,37986304,0,8404992,400334848,406929408
11.11704001447194,40265.547548449,126,46403584,37986304,0,8413184,400343040,416018432
11.133753237290552,40325.69550427,126,46415872,37986304,0,8425472,400355328,414990336
11.150460181466107,40385.854775382,126,46428160,37986304,0,8437760,400363520,412319744
11.167164792507773,40445.990491619,126,46436352,37986304,0,8445952,400375808,411410432
11.186695454210001,40516.294572402,127,46460928,37986304,0,8470528,400400384,416337920
11.20046392151389,40565.886477134,127,46469120,37986304,0,8478720,400408576,413011968
11.217165824705557,40625.999239371,127,46481408,37986304,0,8491008,400420864,412221440
11.233756225217778,40685.703791608,127,46489600,37986304,0,8499200,400429056,418775040
11.250478836305556,40745.900900345,127,46501888,37986304,0,8511488,400441344,418308096
11.267044859125,40805.552170457,127,46514176,37986304,0,8523776,400449536,410001408
11.283763774145829,40865.729148527,128,46530560,37986304,0,8540160,400470016,416395264
11.300452735781114,40925.854257806,128,46542848,37986304,0,8552448,400482304,414076928
11.31714362265222,40985.939979543,128,46555136,37986304,0,8564736,400494592,414355456
11.333712839101661,41045.545154238,128,46563328,37986304,0,8572928,400502784,407670784
11.350429417115278,41105.731923017,128,46575616,37986304,0,8585216,400515072,413732864
11.367129296535834,41165.840221462,129,46596096,37986304,0,8605696,400535552,414162944
11.383832725803885,41225.969946657,129,46604288,37986304,0,8613888,400543744,417857536
11.400397229504444,41285.616723436,129,46616576,37986304,0,8626176,400556032,408231936
11.417101316320558,41345.734030839,129,46628864,37986304,0,8638464,400568320,413491200
11.433825330710832,41405.937416201,129,46637056,37986304,0,8646656,400576512,414187520
11.452772148921941,41474.152957192,130,46661632,37986304,0,8671232,400601088,389578752
11.467104900311387,41525.758312217,130,46669824,37986304,0,8679424,400609280,418189312
11.483814371396107,41585.903004287,130,46682112,37986304,0,8691712,400621568,415862784
11.500376938469167,41645.530171316,130,46690304,37986304,0,8699904,400629760,416202752
11.517080497743057,41705.662405886,130,46702592,37986304,0,8712192,400642048,416899072
11.533802374439441,41765.85424654,130,46714880,37986304,0,8724480,400658432,415363072
11.550387177690274,41825.558514985,131,46731264,37986304,0,8740864,400670720,410787840
11.567091738518332,41885.701136472,131,46743552,37986304,0,8753152,400683008,417570816
11.583802252343336,41945.857977876,131,46755840,37986304,0,8765440,400695296,416600064
11.600505530634166,42005.982881988,131,46764032,37986304,0,8773632,400703488,410918912
11.617072969883335,42065.618110641,131,46776320,37986304,0,8785920,400715776,416628736
11.633803389306946,42125.866433836,132,46796800,37986304,0,8806400,400736256,408338432
11.650503746152777,42185.960367532,132,46809088,37986304,0,8818688,400744448,412446720
11.667074843730555,42245.60027531,132,46817280,37986304,0,8826880,400756736,417046528
11.683774894796944,42305.738997506,132,46829568,37986304,0,8839168,400769024,412360704
11.70048167353694,42365.869566784,132,46841856,37986304,0,8851456,400781312,414527488
11.718951426016389,42432.354206774,133,46862336,37986304,0,8871936,400801792,403537920
11.733700581601944,42485.475314341,133,46870528,37986304,0,8880128,400809984,407404544
11.750406800812497,42545.60509362,133,46882816,37986304,0,8892416,400822272,411275264
11.76710094152611,42605.740828732,133,46891008,37986304,0,8900608,400830464,413286400
11.783806725986384,42665.846522344,133,46903296,37986304,0,8912896,400842752,412041216
11.800372702902218,42725.490786747,133,46915584,37986304,0,8925184,400855040,416534528
11.817088384272777,42785.653776776,134,46931968,37986304,0,8941568,400871424,412327936
11.833794919153886,42845.802966805,134,46944256,37986304,0,8953856,400883712,413978624
11.850499219096108,42905.959854917,134,46956544,37986304,0,8966144,400896000,412446720
11.867079294857216,42965.600414529,134,46968832,37986304,0,8978432,400904192,414744576
11.88378628958833,43025.776701807,134,46977024,37986304,0,8986624,400916480,410005504
11.900502961763891,43085.943965003,135,46997504,37986304,0,9007104,400936960,410144768
11.917071106334996,43145.608688114,135,47009792,37986304,0,9019392,400949248,420487168
11.933765819212494,43205.724912601,135,47017984,37986304,0,9027584,400957440,415694848
11.950461217139447,43265.828475463,135,47030272,37986304,0,9039872,400969728,416854016
11.967171626536938,43325.926768409,135,47042560,37986304,0,9052160,400982016,407588864
11.985023569115276,43390.213227814,136,47063040,37986304,0,9072640,401002496,412700672
12.000475159509167,43445.837309799,136,47071232,37986304,0,9080832,401010688,413138944
12.00847369710028,43474.635213438,136,47083520,37986304,0,9093120,400896000,518156288
12.017075771958885,43505.624466828,136,47112192,37986304,0,9121792,401051648,449445888
12.033787013510551,43565.754838606,136,47120384,37986304,0,9129984,401059840,453193728
12.050494292491106,43625.902424052,136,47132672,37986304,0,9142272,401072128,452128768
12.06707829857722,43685.586855039,136,47144960,37986304,0,9154560,401084416,453636096
12.083813401211389,43745.841335234,137,47165440,37986304,0,9175040,401104896,450736128
12.100381367268888,43805.493848762,137,47173632,37986304,0,9183232,401113088,445427712
12.117088751284998,43865.634554666,137,47185920,37986304,0,9195520,401125376,452415488
12.13379450850833,43925.76895057,137,47198208,37986304,0,9207808,401137664,458559488
12.15049717627528,43985.901400765,137,47206400,37986304,0,9216000,401145856,452329472
12.167083670978883,44045.603041544,138,47226880,37986304,0,9236480,401166336,452587520
12.183784675973891,44105.744920572,138,47239168,37986304,0,9248768,401178624,455348224
12.200495855825551,44165.887890643,138,47247360,37986304,0,9256960,401186816,449298432
12.217060834169162,44225.516199921,138,47259648,37986304,0,9269248,401199104,450211840
12.233766428284717,44285.661973366,138,47271936,37986304,0,9281536,401211392,454205440
12.251170323827779,44348.35012223,139,47292416,37986304,0,9302016,401231872,453672960
