3cpio	0.14.0-1ubuntu1	amd64
adduser	3.153ubuntu1	all
adwaita-icon-theme	50.0-1	all
amd64-microcode	3.20251202.1ubuntu2	amd64
apparmor	5.0.2-0ubuntu1~26.04.1	amd64
apport	2.34.1-0ubuntu0.1	all
apport-core-dump-handler	2.34.1-0ubuntu0.1	all
apport-symptoms	0.25build1	all
appstream	1.1.2-1	amd64
apt	3.2.0	amd64
arping	2.28-1	amd64
at-spi2-common	2.60.4-0ubuntu0.1	all
base-files	14ubuntu6.2	amd64
base-passwd	3.6.8	amd64
bash	5.3-2ubuntu1	amd64
bash-completion	1:2.16.0-8build1	all
bc	1.07.1-4build1	amd64
bcache-tools	1.0.8-5ubuntu1	amd64
bind9-dnsutils	1:9.20.24-1ubuntu0.3	amd64
bind9-host	1:9.20.24-1ubuntu0.3	amd64
bind9-libs	1:9.20.24-1ubuntu0.3	amd64
binfmt-support	2.2.2-8	amd64
binutils	2.46-3ubuntu2	amd64
binutils-common	2.46-3ubuntu2	amd64
binutils-x86-64-linux-gnu	2.46-3ubuntu2	amd64
bolt	0.9.10-1	amd64
bpfcc-tools	0.35.0+ds-1ubuntu2	all
bpftool	7.7.0+7.0.0-31.31	amd64
bpftrace	0.25.0-1ubuntu1	amd64
bsdextrautils	2.41.3-3ubuntu2.2	amd64
bsdutils	1:2.41.3-3ubuntu2.2	amd64
btop	1.4.6-2	amd64
btrfs-progs	6.17.1-1build1	amd64
bubblewrap	0.11.1-1ubuntu0.1	amd64
busybox-initramfs	1:1.37.0-7ubuntu1	amd64
busybox-static	1:1.37.0-7ubuntu1	amd64
bzip2	1.0.8-6ubuntu0.1	amd64
ca-certificates	20260601~26.04.1	all
chrony	4.8-2ubuntu1	amd64
cloud-guest-utils	0.33-1build1	all
cloud-init	26.1-0ubuntu3~26.04.1	all
cloud-init-base	26.1-0ubuntu3~26.04.1	all
cloud-initramfs-copymods	0.58ubuntu	all
cloud-initramfs-dyn-netconf	0.58ubuntu	all
command-not-found	23.04.0build1	all
console-setup	1.237ubuntu3.1	all
console-setup-linux	1.237ubuntu3.1	all
coreutils	9.5-1ubuntu2+0.0.0~ubuntu25	all
coreutils-from-uutils	0.0.0~ubuntu25	all
cpio	2.15+dfsg-2.1ubuntu0.1	amd64
crash	9.0.1+~16.3-1ubuntu1	amd64
cron	3.0pl1-200ubuntu1	amd64
cron-daemon-common	3.0pl1-200ubuntu1	all
cryptsetup	2:2.8.4-1ubuntu4	amd64
cryptsetup-bin	2:2.8.4-1ubuntu4	amd64
curl	8.18.0-1ubuntu2.4	amd64
dash	0.5.12-12ubuntu3	amd64
dbus	1.16.2-2ubuntu4	amd64
dbus-bin	1.16.2-2ubuntu4	amd64
dbus-daemon	1.16.2-2ubuntu4	amd64
dbus-session-bus-common	1.16.2-2ubuntu4	all
dbus-system-bus-common	1.16.2-2ubuntu4	all
dbus-user-session	1.16.2-2ubuntu4	amd64
dconf-gsettings-backend	0.49.0-4	amd64
dconf-service	0.49.0-4	amd64
debconf	1.5.92	all
debconf-i18n	1.5.92	all
debianutils	5.23.2build1	amd64
dhcpcd-base	1:10.3.0-7	amd64
diffutils	1:3.12-1ubuntu0.1	amd64
dirmngr	2.4.8-4ubuntu3.1	amd64
distro-info	1.15	amd64
distro-info-data	0.72-0ubuntu0.26.04.1	all
dmeventd	2:1.02.205-2ubuntu3	amd64
dmidecode	3.6-2build1	amd64
dmsetup	2:1.02.205-2ubuntu3	amd64
dns-root-data	2025080400build1	all
dnsmasq-base	2.92-1ubuntu0.4	amd64
dosfstools	4.2-1.2build1	amd64
dpkg	1.23.7ubuntu1	amd64
dracut	110-11	all
dracut-core	110-11	amd64
dracut-install	110-11	amd64
dracut-network	110-11	all
e2fsprogs	1.47.2-3ubuntu4	amd64
eatmydata	131-2build1	all
ed	1.22.4-1	amd64
efibootmgr	18-4ubuntu1	amd64
eject	2.41.3-3ubuntu2.2	amd64
ethtool	1:6.19-1	amd64
exfatprogs	1.3.2-1	amd64
fdisk	2.41.3-3ubuntu2.2	amd64
file	1:5.46-5build2	amd64
finalrd	9build2	all
findutils	4.10.0-3build2	amd64
firmware-sof-signed	2025.12.2-1	all
fontconfig	2.17.1-3ubuntu1	amd64
fontconfig-config	2.17.1-3ubuntu1	amd64
fonts-dejavu-core	2.37-8build1	all
fonts-dejavu-mono	2.37-8build1	all
fonts-liberation	1:2.1.5-3build1	all
fonts-ubuntu-console	0.869+git20240321-0ubuntu2	all
friendly-recovery	0.2.42build1	all
ftp	20260211-1	all
fuse3	3.18.2-1	amd64
fwupd	2.1.1-1ubuntu3.1	amd64
fwupd-signed	1.55+1.7-1	amd64
gawk	1:5.3.2-1ubuntu1.1	amd64
gcc-16-base	16-20260322-1ubuntu1	amd64
gdisk	1.0.10-2build1	amd64
gettext-base	0.23.2-1	amd64
gir1.2-girepository-3.0	2.88.0-1	amd64
gir1.2-glib-2.0	2.88.0-1	amd64
gir1.2-packagekitglib-1.0	1.3.4-3ubuntu1.2	amd64
git	1:2.53.0-1ubuntu1	amd64
git-man	1:2.53.0-1ubuntu1	all
glib-networking	2.80.1-1build2	amd64
glib-networking-common	2.80.1-1build2	all
glib-networking-services	2.80.1-1build2	amd64
glycin-loaders	2.1.1+ds-0ubuntu1	amd64
glycin-thumbnailers	2.1.1+ds-0ubuntu1	amd64
gnu-coreutils	9.7-3ubuntu2.1	amd64
gnupg	2.4.8-4ubuntu3.1	all
gnupg-l10n	2.4.8-4ubuntu3.1	all
gnupg-utils	2.4.8-4ubuntu3.1	amd64
gpg	2.4.8-4ubuntu3.1	amd64
gpg-agent	2.4.8-4ubuntu3.1	amd64
gpg-wks-client	2.4.8-4ubuntu3.1	amd64
gpgconf	2.4.8-4ubuntu3.1	amd64
gpgsm	2.4.8-4ubuntu3.1	amd64
gpgv	2.4.8-4ubuntu3.1	amd64
gpiod	2.2.1-3build1	amd64
grep	3.12-1	amd64
groff-base	1.23.0-10	amd64
grub-efi-amd64	2.14-2ubuntu1	amd64
grub-efi-amd64-bin	2.14-2ubuntu1	amd64
grub-efi-amd64-signed	1.215+2.14-2ubuntu1	amd64
grub-efi-amd64-unsigned	2.14-2ubuntu1	amd64
grub-pc	2.14-2ubuntu2.1	amd64
grub2-common	2.14-2ubuntu2.1	amd64
gsettings-desktop-schemas	50.0-1ubuntu2	all
gstreamer1.0-plugins-bad	1.28.2-1ubuntu1.1	amd64
gstreamer1.0-plugins-base	1.28.2-1	amd64
gstreamer1.0-plugins-extra	1.28.2-1ubuntu1.1	amd64
gstreamer1.0-plugins-good	1.28.2-2ubuntu0.1	amd64
gstreamer1.0-tools	1.28.2-1	amd64
gtk-update-icon-cache	4.22.4+ds-0ubuntu0.1	amd64
gzip	1.14-1~exp2ubuntu1.1	amd64
hdparm	9.65+ds-1.1build1	amd64
hicolor-icon-theme	0.18-2build1	all
hostname	3.25build1	amd64
htop	3.4.1-5build2	amd64
hwctl	0.11.0-0ubuntu1	amd64
hwdata	0.394-1build1	all
ibverbs-providers	61.0-2ubuntu3	amd64
ieee-data	20240722build1	all
inetutils-telnet	2:2.7-2ubuntu1.1	amd64
info	7.2-5ubuntu2	amd64
init	1.69	amd64
init-system-helpers	1.69	all
initramfs-tools-bin	0.151ubuntu1	amd64
initramfs-tools-core	0.151ubuntu1	all
install-info	7.2-5ubuntu2	amd64
intel-microcode	3.20260210.1ubuntu2	amd64
iproute2	6.19.0-1ubuntu1.1	amd64
iptables	1.8.11-2ubuntu3	amd64
iputils-ping	3:20250605-1ubuntu1	amd64
iputils-tracepath	3:20250605-1ubuntu1	amd64
iso-codes	4.20.1-1	all
iucode-tool	2.3.1-3build2	amd64
jq	1.8.1-4ubuntu2	amd64
kbd	2.7.1-2ubuntu2	amd64
kdump-tools	1:1.10.7ubuntu3	amd64
kexec-tools	1:2.0.32-3ubuntu1	amd64
keyboard-configuration	1.237ubuntu3.1	all
klibc-utils	2.0.14-1ubuntu2	amd64
kmod	34.2-2ubuntu2	amd64
kpartx	0.14.3-2ubuntu1	amd64
krb5-locales	1.22.1-2ubuntu4.1	all
landscape-common	26.02.2-0ubuntu1	amd64
less	668-1build1	amd64
libaa1	1.4p5-51.1build1	amd64
libabsl20260107	20260107.0-4	amd64
libacl1	2.3.2-2	amd64
libada-url0-3	3.4.3-1	amd64
libaio1t64	0.3.113-8build1	amd64
libaom3	3.13.1-2	amd64
libapparmor1	5.0.2-0ubuntu1~26.04.1	amd64
libappstream5	1.1.2-1	amd64
libapt-pkg7.0	3.2.0	amd64
libarchive13t64	3.8.5-1ubuntu2.2	amd64
libasound2-data	1.2.15.3-1ubuntu1.1	all
libasound2t64	1.2.15.3-1ubuntu1.1	amd64
libass9	1:0.17.4-2	amd64
libassuan9	3.0.2-2build1	amd64
libasyncns0	0.8-7	amd64
libatasmart4	0.19-6	amd64
libatk-bridge2.0-0t64	2.60.4-0ubuntu0.1	amd64
libatk1.0-0t64	2.60.4-0ubuntu0.1	amd64
libatomic1	16-20260322-1ubuntu1	amd64
libatspi2.0-0t64	2.60.4-0ubuntu0.1	amd64
libattr1	1:2.5.2-4ubuntu0.1	amd64
libaudit-common	1:4.1.2-1build1	all
libaudit1	1:4.1.2-1build1	amd64
libavahi-client3	0.8-18ubuntu1.1	amd64
libavahi-common-data	0.8-18ubuntu1.1	amd64
libavahi-common3	0.8-18ubuntu1.1	amd64
libavc1394-0	0.5.4-5build4	amd64
libavtp0	0.2.0-2build1	amd64
libbinutils	2.46-3ubuntu2	amd64
libblkid1	2.41.3-3ubuntu2.2	amd64
libblockdev-crypto3	3.4.0-1	amd64
libblockdev-fs3	3.4.0-1	amd64
libblockdev-loop3	3.4.0-1	amd64
libblockdev-mdraid3	3.4.0-1	amd64
libblockdev-nvme3	3.4.0-1	amd64
libblockdev-part3	3.4.0-1	amd64
libblockdev-smart3	3.4.0-1	amd64
libblockdev-swap3	3.4.0-1	amd64
libblockdev-utils3	3.4.0-1	amd64
libblockdev3	3.4.0-1	amd64
libbluetooth3	5.85-4ubuntu0.1	amd64
libbpf1	1:1.6.3-1ubuntu1	amd64
libbpfcc	0.35.0+ds-1ubuntu2	amd64
libbrotli1	1.2.0-3build1	amd64
libbs2b0	3.1.0+dfsg-8build1	amd64
libbsd0	0.12.2-2build2	amd64
libbytesize-common	2.12-1	all
libbytesize1	2.12-1	amd64
libbz2-1.0	1.0.8-6ubuntu0.1	amd64
libc-bin	2.43-2ubuntu2.3	amd64
libc-dev-bin	2.43-2ubuntu2.3	amd64
libc-gconv-modules-extra	2.43-2ubuntu2.3	amd64
libc6	2.43-2ubuntu2.3	amd64
libc6-dev	2.43-2ubuntu2.3	amd64
libcaca0	0.99.beta20-6ubuntu2.1	amd64
libcairo-gobject2	1.18.4-3	amd64
libcairo2	1.18.4-3	amd64
libcap-ng0	0.8.5-4build5	amd64
libcap2	1:2.75-10ubuntu2	amd64
libcap2-bin	1:2.75-10ubuntu2	amd64
libcares2	1.34.6-1	amd64
libcbor0.10	0.10.2-2ubuntu3	amd64
libcdparanoia0	3.10.2+debian-14ubuntu2	amd64
libchromaprint1	1.6.0-2build1	amd64
libclang-cpp21	1:21.1.8-6ubuntu1	amd64
libclang1-21	1:21.1.8-6ubuntu1	amd64
libcolord2	1.4.8-3	amd64
libcom-err2	1.47.2-3ubuntu4	amd64
libcpuinfo0	0.0~git20250905.877328f-1	amd64
libcrypt1	1:4.5.1-1	amd64
libcryptsetup12	2:2.8.4-1ubuntu4	amd64
libctf-nobfd0	2.46-3ubuntu2	amd64
libctf0	2.46-3ubuntu2	amd64
libcups2t64	2.4.16-1ubuntu1.3	amd64
libcurl3t64-gnutls	8.18.0-1ubuntu2.4	amd64
libcurl4t64	8.18.0-1ubuntu2.4	amd64
libdatrie1	0.2.14-1	amd64
libdb5.3t64	5.3.28+dfsg2-10ubuntu1	amd64
libdbus-1-3	1.16.2-2ubuntu4	amd64
libdc1394-25	2.2.6-6	amd64
libdca0	0.0.7-2build2	amd64
libdconf1	0.49.0-4	amd64
libde265-0	1.0.16-1build1	amd64
libdebconfclient0	0.280ubuntu1	amd64
libdebuginfod-common	0.194-4	all
libdebuginfod1t64	0.194-4	amd64
libdecor-0-0	0.2.5-1	amd64
libdeflate0	1.23-2ubuntu1	amd64
libdevmapper-event1.02.1	2:1.02.205-2ubuntu3	amd64
libdevmapper1.02.1	2:1.02.205-2ubuntu3	amd64
libdnnl3.6	3.9.1+ds-2	amd64
libdrm-amdgpu1	2.4.131-1	amd64
libdrm-common	2.4.131-1	all
libdrm-intel1	2.4.131-1	amd64
libdrm-tests	2.4.131-1	amd64
libdrm2	2.4.131-1	amd64
libduktape207	2.7.0+tests-0ubuntu4	amd64
libdv4t64	1.0.0-17.1build2	amd64
libdvdnav4	7.0.0-2	amd64
libdvdread8t64	7.0.1-1	amd64
libdw1t64	0.194-4	amd64
libeatmydata1	131-2build1	amd64
libedit2	3.1-20251016-1	amd64
libefiboot1t64	39-2	amd64
libefivar1t64	39-2	amd64
libegl-mesa0	26.0.8-1ubuntu0.3	amd64
libegl1	1.7.0-3	amd64
libelf1t64	0.194-4	amd64
libepoxy0	1.5.10-2build1	amd64
liberror-perl	0.17030-1	all
libestr0	0.1.11-2build1	amd64
libevdev2	1.13.6+dfsg-1	amd64
libevent-core-2.1-7t64	2.1.12-stable-10ubuntu0.1	amd64
libexpat1	2.7.4-1	amd64
libext2fs2t64	1.47.2-3ubuntu4	amd64
libfaad2	2.11.2-1build1	amd64
libfarmhash0	0~git20190513.0d859a8-4	amd64
libfastjson4	1.2304.0-2build1	amd64
libfdisk1	2.41.3-3ubuntu2.2	amd64
libfdt1	1.7.2-2ubuntu1	amd64
libffi8	3.5.2-4	amd64
libfftw3-single3	3.3.10-2fakesync1build3	amd64
libfido2-1	1.16.0-2build1	amd64
libflac14	1.5.0+ds-5	amd64
libflashrom1	1.6.0-2ubuntu1.1	amd64
libflite1	2.2-7build1	amd64
libfluidsynth3	2.4.8+dfsg-1	amd64
libfontconfig1	2.17.1-3ubuntu1	amd64
libfontenc1	1:1.1.8-1build2	amd64
libfreeaptx0	0.2.2-1build1	amd64
libfreetype6	2.14.2+dfsg-1ubuntu0.1	amd64
libfribidi0	1.0.16-5	amd64
libftdi1-2	1.6~rc1-1build1	amd64
libfuse3-4	3.18.2-1	amd64
libfwupd3	2.1.1-1ubuntu3.1	amd64
libfyaml0	0.9.4-1	amd64
libgbm1	26.0.8-1ubuntu0.3	amd64
libgcc-s1	16-20260322-1ubuntu1	amd64
libgcrypt20	1.12.0-2ubuntu1.1	amd64
libgdbm-compat4t64	1.26-1build1	amd64
libgdbm6t64	1.26-1build1	amd64
libgdk-pixbuf-2.0-0	2.44.5+dfsg-4ubuntu1	amd64
libgdk-pixbuf2.0-common	2.44.5+dfsg-4ubuntu1	all
libgirepository-2.0-0	2.88.0-1	amd64
libgl1	1.7.0-3	amd64
libgl1-mesa-dri	26.0.8-1ubuntu0.3	amd64
libglib2.0-0t64	2.88.0-1	amd64
libglib2.0-bin	2.88.0-1	amd64
libglib2.0-data	2.88.0-1	all
libglvnd0	1.7.0-3	amd64
libglx-mesa0	26.0.8-1ubuntu0.3	amd64
libglx0	1.7.0-3	amd64
libglycin-2-0	2.1.1+ds-0ubuntu1	amd64
libgme0	0.6.4-1	amd64
libgmp10	2:6.3.0+dfsg-5ubuntu2	amd64
libgnutls30t64	3.8.12-2ubuntu1.1	amd64
libgomp1	16-20260322-1ubuntu1	amd64
libgpg-error-l10n	1.58-2	all
libgpg-error0	1.58-2	amd64
libgpgme45	2.0.1-2build1	amd64
libgpiod3	2.2.1-3build1	amd64
libgpm2	1.20.7-12build1	amd64
libgprofng0	2.46-3ubuntu2	amd64
libgraphite2-3	1.3.14-11ubuntu1.1	amd64
libgsm1	1.0.23-2	amd64
libgssapi-krb5-2	1.22.1-2ubuntu4.1	amd64
libgssdp-1.6-0	1.6.4-5	amd64
libgstreamer-gl1.0-0	1.28.2-1	amd64
libgstreamer-plugins-bad1.0-0	1.28.2-1ubuntu1.1	amd64
libgstreamer-plugins-base1.0-0	1.28.2-1	amd64
libgstreamer-plugins-extra1.0-0	1.28.2-1ubuntu1.1	amd64
libgstreamer1.0-0	1.28.2-1	amd64
libgtk-3-0t64	3.24.52-0ubuntu1	amd64
libgtk-3-common	3.24.52-0ubuntu1	all
libgudev-1.0-0	1:238-7build1	amd64
libgupnp-1.6-0	1.6.9-4	amd64
libgupnp-igd-1.6-0	1.6.0-5	amd64
libharfbuzz0b	12.3.2-2	amd64
libheif-plugin-aomdec	1.21.2-3ubuntu0.4	amd64
libheif1	1.21.2-3ubuntu0.4	amd64
libhogweed6t64	3.10.2-1	amd64
libhwy1t64	1.3.0-2	amd64
libibverbs1	61.0-2ubuntu3	amd64
libice6	2:1.1.1-1build1	amd64
libicu78	78.2-2ubuntu1	amd64
libidn2-0	2.3.8-4build1	amd64
libiec61883-0	1.2.0-8	amd64
libimath-3-1-29t64	3.1.12-1ubuntu5	amd64
libimobiledevice-1.0-6	1.4.0-1build1	amd64
libimobiledevice-glue-1.0-0	1.3.2-2build1	amd64
libinih1	61-1ubuntu1	amd64
libinstpatch-1.0-2	1.1.7-1.1	amd64
libintl-perl	1.37-1	all
libintl-xs-perl	1.37-1	amd64
libip4tc2	1.8.11-2ubuntu3	amd64
libip6tc2	1.8.11-2ubuntu3	amd64
libisns0t64	0.101-2.1	amd64
libjack-jackd2-0	1.9.22~dfsg-5build1	amd64
libjansson4	2.14-2build4	amd64
libjbig0	2.1-6.1ubuntu3	amd64
libjcat1	0.2.5-1build1	amd64
libjemalloc2	5.3.0-4	amd64
libjpeg-turbo8	2.1.5-4ubuntu4	amd64
libjpeg8	8c-2ubuntu12	amd64
libjq1	1.8.1-4ubuntu2	amd64
libjs-sphinxdoc	8.2.3-12	all
libjson-c5	0.18+ds-3	amd64
libjson-glib-1.0-0	1.10.8+ds-2	amd64
libjson-glib-1.0-common	1.10.8+ds-2	all
libjxl0.11	0.11.1-6ubuntu4.2	amd64
libk5crypto3	1.22.1-2ubuntu4.1	amd64
libkeyutils1	1.6.3-6ubuntu3	amd64
libklibc	2.0.14-1ubuntu2	amd64
libkmod2	34.2-2ubuntu2	amd64
libkrb5-3	1.22.1-2ubuntu4.1	amd64
libkrb5support0	1.22.1-2ubuntu4.1	amd64
libksba8	1.6.7-2build1	amd64
liblastlog2-2	2.41.3-3ubuntu2.2	amd64
liblc3-1	1.1.3+dfsg-1build1	amd64
liblcms2-2	2.17-1ubuntu0.2	amd64
libldacbt-enc2	2.0.2.3+git20200429+ed310a0-5build1	amd64
libldap-common	2.6.10+dfsg-1ubuntu5	all
libldap2	2.6.10+dfsg-1ubuntu5	amd64
liblerc4	4.0.0+ds-5ubuntu2	amd64
liblilv-0-0	0.26.2-1	amd64
libllhttp9.3	9.3.3~really9.3.0+~cs12.11.8-3build1	amd64
libllvm21	1:21.1.8-6ubuntu1	amd64
liblmdb0	0.9.31-1build2	amd64
liblocale-gettext-perl	1.07-8	amd64
liblrdf0	0.6.1-5	amd64
liblsof0	4.99.4+dfsg-2build2	amd64
libltc11	1.3.2-1build2	amd64
liblua5.4-0	5.4.8-1build1	amd64
liblvm2cmd2.03	2.03.31-2ubuntu3	amd64
liblz4-1	1.10.0-8	amd64
liblzma5	5.8.3-1	amd64
liblzo2-2	2.10-3build2	amd64
libmagic-mgc	1:5.46-5build2	amd64
libmagic1t64	1:5.46-5build2	amd64
libmaxminddb0	1.12.2-1build2	amd64
libmbim-glib4	1.32.0-2ubuntu1	amd64
libmbim-proxy	1.32.0-2ubuntu1	amd64
libmbim-utils	1.32.0-2ubuntu1	amd64
libmd0	1.1.0-2build4	amd64
libmjpegutils-2.2-0	1:2.2.1-3	amd64
libmm-glib0	1.25.95-1ubuntu1	amd64
libmnl0	1.0.5-3build1	amd64
libmodplug1	1:0.8.9.0-3build2	amd64
libmodule-find-perl	0.17-1	all
libmount1	2.41.3-3ubuntu2.2	amd64
libmp3lame0	3.101~svn6525+dfsg-2	amd64
libmpathcmd0	0.14.3-2ubuntu1	amd64
libmpathpersist0	0.14.3-2ubuntu1	amd64
libmpcdec6	2:0.1~r495-3build1	amd64
libmpeg2encpp-2.2-0	1:2.2.1-3	amd64
libmpfr6	4.2.2-3	amd64
libmpg123-0t64	1.33.3-2	amd64
libmplex2-2.2-0	1:2.2.1-3	amd64
libmspack0t64	0.11-1.1build2	amd64
libmultipath0	0.14.3-2ubuntu1	amd64
libncurses6	6.6+20251231-1	amd64
libncursesw6	6.6+20251231-1	amd64
libndp0	1.9-1build1	amd64
libneon27t64	0.36.0-1	amd64
libnet9	1.3+dfsg-3	amd64
libnetfilter-conntrack3	1.1.1-1	amd64
libnetplan1	1.2-1ubuntu5	amd64
libnettle8t64	3.10.2-1	amd64
libnewt0.52	0.52.25-1ubuntu3	amd64
libnfnetlink0	1.0.2-3build1	amd64
libnftables1	1.1.6-1	amd64
libnftnl11	1.3.1-1	amd64
libnghttp2-14	1.68.0-2ubuntu0.2	amd64
libnice10	0.1.23-2	amd64
libnl-3-200	3.12.0-2	amd64
libnl-genl-3-200	3.12.0-2	amd64
libnl-route-3-200	3.12.0-2	amd64
libnm0	1.54.3-2ubuntu3	amd64
libnode127	22.22.1+dfsg+~cs22.19.15-1ubuntu1	amd64
libnpth0t64	1.8-3build1	amd64
libnspr4	2:4.38.2-1ubuntu1	amd64
libnss-mymachines	259.5-0ubuntu3.4	amd64
libnss-systemd	259.5-0ubuntu3.4	amd64
libnss3	2:3.120-1ubuntu2.1	amd64
libnss3-tools	2:3.120-1ubuntu2.1	amd64
libntfs-3g89t64	1:2022.10.3-5ubuntu1.1	amd64
libnuma1	2.0.19-1build1	amd64
libnvme1t64	1.16.1-4	amd64
libogg0	1.3.6-2	amd64
libonig5	6.9.10-1build1	amd64
libonnx1t64	1.20.0-1	amd64
libonnxruntime-providers	1.23.2+dfsg-6ubuntu1	amd64
libonnxruntime1.23	1.23.2+dfsg-6ubuntu1	amd64
libopenal-data	1:1.25.1-2	all
libopenal1	1:1.25.1-2	amd64
libopenexr-3-1-30	3.1.13-2build1	amd64
libopenh264-8	2.6.0+dfsg-2build1	amd64
libopeniscsiusr	2.1.11-3ubuntu3	amd64
libopenjp2-7	2.5.4-1ubuntu0.1	amd64
libopenmpt0t64	0.8.4-1	amd64
libopenni2-0	2.2.0.33+dfsg-19	amd64
libopus0	1.6.1-1	amd64
liborc-0.4-0t64	1:0.4.42-2	amd64
libp11-kit0	0.26.2-2	amd64
libpackagekit-glib2-18	1.3.4-3ubuntu1.2	amd64
libpam-cap	1:2.75-10ubuntu2	amd64
libpam-modules	1.7.0-5ubuntu3.2	amd64
libpam-modules-bin	1.7.0-5ubuntu3.2	amd64
libpam-runtime	1.7.0-5ubuntu3.2	all
libpam-systemd	259.5-0ubuntu3.4	amd64
libpam0g	1.7.0-5ubuntu3.2	amd64
libpango-1.0-0	1.57.0-1	amd64
libpangocairo-1.0-0	1.57.0-1	amd64
libpangoft2-1.0-0	1.57.0-1	amd64
libparted2t64	3.6-6	amd64
libpcap0.8t64	1.10.6-1ubuntu1	amd64
libpci3	1:3.14.0-1build2	amd64
libpciaccess0	0.18.1-1ubuntu4.1	amd64
libpcre2-8-0	10.46-1build1	amd64
libpcsclite1	2.4.1-1	amd64
libperl5.40	5.40.1-7ubuntu0.1	amd64
libpipeline1	1.5.8-2	amd64
libpipewire-0.3-0t64	1.6.2-1ubuntu1.1	amd64
libpixman-1-0	0.46.4-1	amd64
libplist-2.0-4	2.7.0+git20250820-1build1	amd64
libplymouth5	24.004.60+git20250831.4a3c171d-0ubuntu8	amd64
libpng16-16t64	1.6.57-1	amd64
libpolkit-agent-1-0	127-2ubuntu1	amd64
libpolkit-gobject-1-0	127-2ubuntu1	amd64
libpopt0	1.19+dfsg-2build1	amd64
libproc-processtable-perl	0.637-1	amd64
libproc2-0	2:4.0.4-9ubuntu1	amd64
libprotobuf32t64	3.21.12-15ubuntu1	amd64
libproxy1v5	0.5.12-1	amd64
libpsl5t64	0.21.2-1.1build2	amd64
libpthreadpool0	0.0~git20251020.0e6ca13-1	amd64
libpulse0	1:17.0+dfsg1-2ubuntu4	amd64
libpython3-stdlib	3.14.3-0ubuntu2	amd64
libpython3.14	3.14.4-1ubuntu0.1	amd64
libpython3.14-minimal	3.14.4-1ubuntu0.1	amd64
libpython3.14-stdlib	3.14.4-1ubuntu0.1	amd64
libqmi-glib5	1.38.0-1	amd64
libqmi-proxy	1.38.0-1	amd64
libqmi-utils	1.38.0-1	amd64
libqrencode4	4.1.1-2build1	amd64
libqrtr-glib0	1.2.2-2ubuntu1	amd64
libraptor2-0	2.0.16-6build1	amd64
libraw1394-11	2.1.2-2build4	amd64
libre2-11	20250805-1build3	amd64
libreadline8t64	8.3-4	amd64
librsvg2-2	2.61.3+dfsg-3	amd64
librtmp1	2.4+20151223.gitfa8646d.1-3	amd64
libsamplerate0	0.2.2-4build2	amd64
libsasl2-2	2.1.28+dfsg1-9ubuntu3	amd64
libsasl2-modules	2.1.28+dfsg1-9ubuntu3	amd64
libsasl2-modules-db	2.1.28+dfsg1-9ubuntu3	amd64
libsbc1	2.1-1build1	amd64
libsdl3-0	3.4.2+ds-1ubuntu1	amd64
libseccomp2	2.6.0-2ubuntu5	amd64
libselinux1	3.9-4build1	amd64
libsemanage-common	3.9-1build1	all
libsemanage2	3.9-1build1	amd64
libsensors-config	1:3.6.2-2build1	all
libsensors5	1:3.6.2-2build1	amd64
libsepol2	3.9-2	amd64
libserd-0-0	0.32.6-1	amd64
libsframe3	2.46-3ubuntu2	amd64
libsgutils2-1.48	1.48-3ubuntu3.1	amd64
libsharpyuv0	1.5.0-0.1build1	amd64
libshout3	2.4.6-1build3	amd64
libsimdjson29	4.2.4-1	amd64
libsimdutf31	8.0.0-1	amd64
libslang2	2.3.3-5build1	amd64
libsm6	2:1.2.6-1build1	amd64
libsmartcols1	2.41.3-3ubuntu2.2	amd64
libsnappy1v5	1.2.2-2	amd64
libsndfile1	1.2.2-4	amd64
libsodium23	1.0.18-2	amd64
libsord-0-0	0.16.20-1	amd64
libsort-naturally-perl	1.03-4	all
libsoundtouch1	2.4.0+ds-1build1	amd64
libsoup-3.0-0	3.6.6-1	amd64
libsoup-3.0-common	3.6.6-1	all
libspa-0.2-modules	1.6.2-1ubuntu1.1	amd64
libspandsp2t64	0.0.6+dfsg-2.2build2	amd64
libspeex1	1.2.1-3build1	amd64
libsqlite3-0	3.46.1-9ubuntu0.2	amd64
libsratom-0-0	0.6.20-1	amd64
libsrt1.5-gnutls	1.5.4-3	amd64
libsrtp2-1	2.7.0-3build1	amd64
libss2	1.47.2-3ubuntu4	amd64
libssh2-1t64	1.11.1-1ubuntu0.26.04.4	amd64
libssl3t64	3.5.5-1ubuntu3.5	amd64
libstdc++6	16-20260322-1ubuntu1	amd64
libstemmer0d	3.0.1-1	amd64
libsvtav1enc2	2.3.0+dfsg-1build1	amd64
libsystemd-shared	259.5-0ubuntu3.4	amd64
libsystemd0	259.5-0ubuntu3.4	amd64
libtag2	2.2.1-3	amd64
libtasn1-6	4.21.0-2	amd64
libtcl8.6	8.6.17+dfsg-1build1	amd64
libteamdctl0	1.31-1build4	amd64
libtensorflow-lite2.14.1	2.14.1+dfsg-3build1	amd64
libterm-readkey-perl	2.38-2build5	amd64
libtext-charwidth-perl	0.04-11build4	amd64
libtext-iconv-perl	1.7-8.1	amd64
libtext-wrapi18n-perl	0.06-10	all
libthai-data	0.1.30-1	all
libthai0	0.1.30-1	amd64
libtheora1	1.2.0+dfsg-6	amd64
libtheoradec2	1.2.0+dfsg-6	amd64
libtheoraenc2	1.2.0+dfsg-6	amd64
libtiff6	4.7.0-3ubuntu5	amd64
libtinfo6	6.6+20251231-1	amd64
libtirpc-common	1.3.7-0.1	all
libtirpc3t64	1.3.7-0.1	amd64
libtraceevent1	1:1.8.7-1	amd64
libtraceevent1-plugin	1:1.8.7-1	amd64
libtracefs1	1.8.2-1ubuntu1	amd64
libtss2-esys-3.0.2-0t64	4.1.3-6	amd64
libtss2-mu-4.0.1-0t64	4.1.3-6	amd64
libtss2-sys1t64	4.1.3-6	amd64
libtss2-tcti-cmd0t64	4.1.3-6	amd64
libtss2-tcti-device0t64	4.1.3-6	amd64
libtss2-tcti-mssim0t64	4.1.3-6	amd64
libtss2-tcti-swtpm0t64	4.1.3-6	amd64
libtwolame0	0.4.0-2build4	amd64
libuchardet0	0.0.8-2	amd64
libudev1	259.5-0ubuntu3.4	amd64
libudisks2-0	2.10.91-1ubuntu2.1	amd64
libunibreak6	6.1-3build1	amd64
libunistring5	1.3-2build1	amd64
libunwind8	1.8.3-0ubuntu1	amd64
libupower-glib3	1.91.1-1	amd64
liburcu8t64	0.15.6-1	amd64
libusb-1.0-0	2:1.0.29-2build1	amd64
libusb-1.0-0-dev	2:1.0.29-2build1	amd64
libusb-1.0-doc	2:1.0.29-2build1	all
libusbmuxd-2.0-7	2.1.1-1	amd64
libuuid1	2.41.3-3ubuntu2.2	amd64
libuv1t64	1.51.0-2ubuntu1	amd64
libv4l-0t64	1.32.0-2ubuntu1	amd64
libv4lconvert0t64	1.32.0-2ubuntu1	amd64
libva-drm2	2.23.0-1ubuntu1	amd64
libva2	2.23.0-1ubuntu1	amd64
libvisual-0.4-0	0.4.2-4	amd64
libvo-aacenc0	0.1.3-3build1	amd64
libvo-amrwbenc0	0.1.3-2build2	amd64
libvolume-key1	0.3.12-10build2	amd64
libvorbis0a	1.3.7-3build2	amd64
libvorbisenc2	1.3.7-3build2	amd64
libvorbisfile3	1.3.7-3build2	amd64
libvpx12	1.16.0-3	amd64
libvulkan1	1.4.341.0-1	amd64
libwavpack1	5.9.0-1	amd64
libwayland-client0	1.24.0-2	amd64
libwayland-cursor0	1.24.0-2	amd64
libwayland-egl1	1.24.0-2	amd64
libwebp7	1.5.0-0.1build1	amd64
libwebpmux3	1.5.0-0.1build1	amd64
libwebrtc-audio-processing-1-3	1.3-3build2	amd64
libwildmidi2	0.4.6-1	amd64
libwrap0	7.6.q-36build2	amd64
libx11-6	2:1.8.13-1	amd64
libx11-data	2:1.8.13-1	all
libx11-xcb1	2:1.8.13-1	amd64
libx265-215	4.1-4	amd64
libxau6	1:1.0.11-1build2	amd64
libxaw7	2:1.0.16-1build1	amd64
libxcb-dri3-0	1.17.0-2ubuntu1	amd64
libxcb-glx0	1.17.0-2ubuntu1	amd64
libxcb-present0	1.17.0-2ubuntu1	amd64
libxcb-randr0	1.17.0-2ubuntu1	amd64
libxcb-render0	1.17.0-2ubuntu1	amd64
libxcb-shm0	1.17.0-2ubuntu1	amd64
libxcb-sync1	1.17.0-2ubuntu1	amd64
libxcb-xfixes0	1.17.0-2ubuntu1	amd64
libxcb-xkb1	1.17.0-2ubuntu1	amd64
libxcb1	1.17.0-2ubuntu1	amd64
libxcomposite1	1:0.4.6-1build1	amd64
libxcursor1	1:1.2.3-1build1	amd64
libxdamage1	1:1.1.7-1	amd64
libxdmcp6	1:1.1.5-2	amd64
libxdo3	1:3.20160805.1-5.1build1	amd64
libxext6	2:1.3.4-1build3	amd64
libxfixes3	1:6.0.0-2build2	amd64
libxfont2	1:2.0.6-2ubuntu0.2	amd64
libxi6	2:1.8.2-2	amd64
libxinerama1	2:1.1.4-3build2	amd64
libxkbcommon-x11-0	1.13.1-1	amd64
libxkbcommon0	1.13.1-1	amd64
libxkbfile1	1:1.1.0-1build5	amd64
libxml2-16	2.15.2+dfsg-0.1ubuntu0.1	amd64
libxmlb2	0.3.24-2	amd64
libxmlsec1-1	1.3.9-1	amd64
libxmlsec1-openssl1	1.3.9-1	amd64
libxmu6	2:1.1.3-4	amd64
libxmuu1	2:1.1.3-4	amd64
libxnnpack0.20241108	0.0~git20241108.4ea82e5-2build1	amd64
libxpm4	1:3.5.17-1ubuntu0.26.04.1	amd64
libxrandr2	2:1.5.4-1build1	amd64
libxrender1	1:0.9.12-1build1	amd64
libxres1	2:1.2.1-1build2	amd64
libxshmfence1	1.3.3-1build1	amd64
libxslt1.1	1.1.45-0.1	amd64
libxss1	1:1.2.3-1build4	amd64
libxt6t64	1:1.2.1-1.3build1	amd64
libxtables12	1.8.11-2ubuntu3	amd64
libxtst6	2:1.2.5-1build1	amd64
libxxf86vm1	1:1.1.4-2	amd64
libxxhash0	0.8.3-2build1	amd64
libyajl2	2.1.0-5.1	amd64
libyaml-0-2	0.2.5-2build3	amd64
libzbar0t64	0.23.93-9ubuntu1	amd64
libzix-0-0	0.8.0-1	amd64
libzstd1	1.5.7+dfsg-3	amd64
libzvbi-common	0.2.44-1ubuntu2	all
libzvbi0t64	0.2.44-1ubuntu2	amd64
libzxing3	2.3.0-5	amd64
linux-base	4.15ubuntu5	all
linux-firmware	20260319.git217ca6e4.1ubuntu	all
linux-firmware-amd-graphics	20260319.git217ca6e4-0ubuntu3.1	all
linux-firmware-amd-misc	20260319.git217ca6e4-0ubuntu1.1	all
linux-firmware-broadcom-wireless	20260319.git217ca6e4-0ubuntu1.1	all
linux-firmware-intel-graphics	20260319.git217ca6e4-0ubuntu2.1	all
linux-firmware-intel-misc	20260319.git217ca6e4-0ubuntu1.2	all
linux-firmware-intel-wireless	20260319.git217ca6e4-0ubuntu2.1	all
linux-firmware-marvell-prestera	20260319.git217ca6e4-0ubuntu1.2	all
linux-firmware-marvell-wireless	20260319.git217ca6e4-0ubuntu1.1	all
linux-firmware-mediatek	20260319.git217ca6e4-0ubuntu1.2	all
linux-firmware-mellanox-spectrum	20260319.git217ca6e4-0ubuntu1.1	all
linux-firmware-misc	20260319.git217ca6e4-0ubuntu2.2	all
linux-firmware-netronome	20260319.git217ca6e4-0ubuntu1.1	all
linux-firmware-nvidia-graphics	20260319.git217ca6e4-0ubuntu1.1	all
linux-firmware-qlogic	20260319.git217ca6e4-0ubuntu1.1	all
linux-firmware-qualcomm-graphics	20260319.git217ca6e4-0ubuntu1.1	all
linux-firmware-qualcomm-misc	20260319.git217ca6e4-0ubuntu2.1	all
linux-firmware-qualcomm-wireless	20260319.git217ca6e4-0ubuntu1.2	all
linux-firmware-realtek	20260319.git217ca6e4-0ubuntu1.2	all
linux-generic	7.0.0-31.31	amd64
linux-headers-7.0.0-30	7.0.0-30.30	all
linux-headers-7.0.0-30-generic	7.0.0-30.30	amd64
linux-headers-7.0.0-31	7.0.0-31.31	all
linux-headers-7.0.0-31-generic	7.0.0-31.31	amd64
linux-headers-generic	7.0.0-31.31	amd64
linux-image-7.0.0-30-generic	7.0.0-30.30	amd64
linux-image-7.0.0-31-generic	7.0.0-31.31	amd64
linux-image-generic	7.0.0-31.31	amd64
linux-libc-dev	7.0.0-31.31	amd64
linux-main-modules-zfs-7.0.0-30-generic	7.0.0-30.30	amd64
linux-main-modules-zfs-7.0.0-31-generic	7.0.0-31.31+2	amd64
linux-modules-7.0.0-30-generic	7.0.0-30.30	amd64
linux-modules-7.0.0-31-generic	7.0.0-31.31	amd64
linux-perf	7.0.0-31.31	amd64
linux-sysctl-defaults	4.15ubuntu5	all
linux-tools-7.0.0-30	7.0.0-30.30	amd64
linux-tools-7.0.0-30-generic	7.0.0-30.30	amd64
linux-tools-7.0.0-31	7.0.0-31.31	amd64
linux-tools-7.0.0-31-generic	7.0.0-31.31	amd64
linux-tools-common	7.0.0-31.31	all
locales	2.43-2ubuntu2.3	all
login	1:4.16.0-2+really2.41.3-3ubuntu2.2	amd64
login.defs	1:4.17.4-2ubuntu3	all
logrotate	3.22.0-1build1	amd64
logsave	1.47.2-3ubuntu4	amd64
lrzsz	0.12.21rc-0.3	amd64
lsb-base	11.6build1	all
lsb-release	12.1-2build1	all
lshw	02.19.git.2021.06.19.996aaad9c7-2.1ubuntu3	amd64
lsof	4.99.4+dfsg-2build2	amd64
lvm2	2.03.31-2ubuntu3	amd64
lxd-agent-loader	0.13ubuntu0	all
lxd-installer	14ubuntu0	all
lzop	1.04-2build4	amd64
makedumpfile	1:1.7.7-1	amd64
man-db	2.13.1-1build1	amd64
manpages	6.17-1	all
manpages-dev	6.17-1	all
mawk	1.3.4.20260129-1	amd64
mdadm	4.5-5ubuntu1	amd64
media-types	14.0.0build1	all
mesa-libgallium	26.0.8-1ubuntu0.3	amd64
minicom	2.10-1ubuntu1	amd64
modemmanager	1.25.95-1ubuntu1	amd64
mokutil	0.7.2-2	amd64
motd-news-config	14ubuntu6.2	all
mount	2.41.3-3ubuntu2.2	amd64
mtools	4.0.49-1	amd64
mtr-tiny	0.95-1.1ubuntu2	amd64
multipath-tools	0.14.3-2ubuntu1	amd64
nano	8.7.1-1ubuntu0.1	amd64
ncurses-base	6.6+20251231-1	all
ncurses-bin	6.6+20251231-1	amd64
ncurses-term	6.6+20251231-1	all
needrestart	3.11-1ubuntu2	all
netbase	6.5build1	all
netcat-openbsd	1.234-1	amd64
netplan-generator	1.2-1ubuntu5	amd64
netplan.io	1.2-1ubuntu5	amd64
network-manager	1.54.3-2ubuntu3	amd64
network-manager-l10n	1.54.3-2ubuntu3	all
network-manager-pptp	1.2.12-6	amd64
networkd-dispatcher	2.2.4-1.1ubuntu1	all
nftables	1.1.6-1	amd64
node-acorn	8.16.0+ds+~cs25.18.7-4	all
node-balanced-match	2.0.0-1	all
node-brace-expansion	2.0.1+~1.1.0-2	all
node-cjs-module-lexer	1.2.3+dfsg-1	all
node-corepack	0.24.0-5build1	all
node-debug	4.4.3+~4.1.13-1	all
node-llhttp	9.3.3~really9.3.0+~cs12.11.8-3build1	all
node-lru-cache	10.0.1-3	all
node-minimatch	9.0.3-6	all
node-ms	2.1.3+~cs0.7.31-3	all
node-semver	7.6.1+~7.5.8-2	all
node-undici	7.18.2+dfsg+~cs3.2.0-1build1	all
node-xtend	4.0.2-3	all
nodejs	22.22.1+dfsg+~cs22.19.15-1ubuntu1	amd64
ntfs-3g	1:2022.10.3-5ubuntu1.1	amd64
numactl	2.0.19-1build1	amd64
open-iscsi	2.1.11-3ubuntu3	amd64
open-vm-tools	2:13.0.10-1ubuntu1	amd64
openssh-client	1:10.2p1-2ubuntu3.6	amd64
openssh-server	1:10.2p1-2ubuntu3.6	amd64
openssh-sftp-server	1:10.2p1-2ubuntu3.6	amd64
openssl	3.5.5-1ubuntu3.5	amd64
openssl-provider-legacy	3.5.5-1ubuntu3.5	amd64
os-prober	1.84ubuntu1	amd64
overlayroot	0.58ubuntu	all
packagekit	1.3.4-3ubuntu1.2	amd64
parted	3.6-6	amd64
passwd	1:4.17.4-2ubuntu3	amd64
patch	2.8-2build1	amd64
pci.ids	0.0~2026.02.12-1	all
pciutils	1:3.14.0-1build2	amd64
perl	5.40.1-7ubuntu0.1	amd64
perl-base	5.40.1-7ubuntu0.1	amd64
perl-modules-5.40	5.40.1-7ubuntu0.1	all
pinentry-curses	1.3.2-3ubuntu1	amd64
plymouth	24.004.60+git20250831.4a3c171d-0ubuntu8	amd64
plymouth-theme-ubuntu-text	24.004.60+git20250831.4a3c171d-0ubuntu8	amd64
pnp.ids	0.394-1build1	all
polkitd	127-2ubuntu1	amd64
powermgmt-base	1.38ubuntu2	all
ppp	2.5.2-1+1.2	amd64
pptp-linux	1.10.0-2build1	amd64
procps	2:4.0.4-9ubuntu1	amd64
psmisc	23.7-2ubuntu2	amd64
publicsuffix	20260129.1928-1	all
python-apt-common	3.1.0ubuntu1.1	all
python-babel-localedata	2.17.0-2	all
python3	3.14.3-0ubuntu2	amd64
python3-apport	2.34.1-0ubuntu0.1	all
python3-apt	3.1.0ubuntu1.1	amd64
python3-attr	25.4.0-1build1	all
python3-autocommand	2.2.2-4	all
python3-automat	25.4.16-1build1	all
python3-babel	2.17.0-2	all
python3-bcrypt	5.0.0-3build1	amd64
python3-blinker	1.9.0-2build1	all
python3-boto3	1.40.72-1build1	all
python3-botocore	1.40.72+repack-1build1	all
python3-bpfcc	0.35.0+ds-1ubuntu2	all
python3-certifi	2026.1.4+ds-1	all
python3-cffi-backend	2.0.0-3build1	amd64
python3-chardet	5.2.0+dfsg-2build1	all
python3-click	8.2.0+0.really.8.1.8-1build1	all
python3-commandnotfound	23.04.0build1	all
python3-configobj	5.0.9-1build1	all
python3-constantly	23.10.4-2build1	all
python3-cryptography	46.0.5-1ubuntu2	amd64
python3-dateutil	2.9.0-4build1	all
python3-dbus	1.4.0-1build2	amd64
python3-debconf	1.5.92	all
python3-debian	1.0.1ubuntu2	all
python3-distro	1.9.0-1build1	all
python3-distro-info	1.15	all
python3-distupgrade	1:26.04.23	all
python3-gdbm	3.14.3-0ubuntu2	amd64
python3-gi	3.56.2-1	amd64
python3-hamcrest	2.1.0-3	all
python3-httplib2	0.22.0-1ubuntu0.1	all
python3-hyperlink	21.0.0-6build1	all
python3-idna	3.11-1ubuntu0.1	all
python3-incremental	24.7.2-4	all
python3-inflect	7.5.0-1build1	all
python3-jaraco.context	6.0.1-2	all
python3-jaraco.functools	4.1.0-1build1	all
python3-jaraco.text	4.0.0-1build1	all
python3-jinja2	3.1.6-1build1	all
python3-jmespath	1.0.1-1build1	all
python3-json-pointer	2.4-4	all
python3-jsonpatch	1.32-6	all
python3-jsonschema	4.19.2-6ubuntu2	all
python3-jsonschema-specifications	2023.12.1-4	all
python3-jwt	2.10.1-4ubuntu1	all
python3-launchpadlib	2.1.0-1build1	all
python3-lazr.restfulclient	0.14.6-3build1	all
python3-lazr.uri	1.0.6-7build1	all
python3-linkify-it	2.0.3-1ubuntu3	all
python3-magic	2:0.4.27-3build1	all
python3-markdown-it	3.0.0-3build1	all
python3-markupsafe	3.0.3-1build1	amd64
python3-mdurl	0.1.2-1build1	all
python3-minimal	3.14.3-0ubuntu2	amd64
python3-more-itertools	10.8.0-1build1	all
python3-netaddr	1.3.0-1build1	all
python3-netifaces	0.11.0-2build7	amd64
python3-netplan	1.2-1ubuntu5	amd64
python3-oauthlib	3.3.1-1build1	all
python3-openssl	25.3.0-1ubuntu1	all
python3-packaging	26.0-1	all
python3-passlib	1.9.3-1ubuntu1	all
python3-pexpect	4.9-4	all
python3-pip-whl	25.1.1+dfsg-1ubuntu2	all
python3-pkg-resources	78.1.1-0.1build1	all
python3-problem-report	2.34.1-0ubuntu0.1	all
python3-ptyprocess	0.7.0-6build1	all
python3-pyasn1	0.6.3-1ubuntu0.1	all
python3-pyasn1-modules	0.4.1-2build1	all
python3-pygments	2.19.2+dfsg-1	all
python3-pyparsing	3.3.2-2	all
python3-referencing	0.36.2-1ubuntu2	all
python3-requests	2.32.5+dfsg-1ubuntu1	all
python3-rich	13.9.4-1.2	all
python3-rpds-py	0.27.1-2ubuntu3	amd64
python3-s3transfer	0.14.0-1build1	all
python3-serial	3.5-2build1	all
python3-service-identity	24.2.0-1build1	all
python3-setuptools	78.1.1-0.1build1	all
python3-setuptools-whl	78.1.1-0.1build1	all
python3-six	1.17.0-2build1	all
python3-software-properties	0.120.1	all
python3-systemd	235-1build9	amd64
python3-twisted	25.5.0-5ubuntu0.1	all
python3-typeguard	4.4.4-2	all
python3-typing-extensions	4.15.0-2	all
python3-uc-micro	1.0.3-1build1	all
python3-update-manager	1:26.04.5	all
python3-urllib3	2.6.3-1ubuntu1.1	all
python3-venv	3.14.3-0ubuntu2	amd64
python3-wadllib	2.0.0-3	all
python3-xkit	0.5.0ubuntu8	all
python3-yaml	6.0.3-1build1	amd64
python3-zipp	3.23.0-1build1	all
python3-zope.interface	8.2-1build1	amd64
python3.14	3.14.4-1ubuntu0.1	amd64
python3.14-gdbm	3.14.4-1ubuntu0.1	amd64
python3.14-minimal	3.14.4-1ubuntu0.1	amd64
python3.14-venv	3.14.4-1ubuntu0.1	amd64
readline-common	8.3-4	all
ripgrep	15.1.0-1ubuntu1	amd64
rpcsvc-proto	1.4.3-1build1	amd64
rsync	3.4.1+ds1-7ubuntu0.3	amd64
rsyslog	8.2512.0-1ubuntu4.1	amd64
rust-coreutils	0.8.0-0ubuntu3	amd64
sbsigntool	0.9.4-3.1ubuntu9	amd64
screen	4.9.1-3ubuntu2	amd64
secureboot-db	1.9build2	amd64
sed	4.9-2ubuntu1	amd64
sensible-utils	0.0.26build1	all
sg3-utils	1.48-3ubuntu3.1	amd64
sg3-utils-udev	1.48-3ubuntu3.1	all
sgml-base	1.31+nmu1build1	all
shared-mime-info	2.4-5build3	amd64
shim-signed	1.59+15.8-0ubuntu2	amd64
snapd	2.76.3+ubuntu26.04	amd64
socat	1.8.1.1-1ubuntu0.1	amd64
software-properties-common	0.120.1	all
sos	4.10.2-1	all
squashfs-tools	1:4.7.5-1	amd64
ssh-import-id	5.11-0ubuntu4	all
strace	6.19+ds-0ubuntu5	amd64
sudo	1.9.17p2-1ubuntu3	amd64
sudo-common	1.2ubuntu	all
sudo-rs	0.2.13-0ubuntu1.2	amd64
sunxi-tools	1.4.2+git20240825.4390ca-1build1	amd64
sysstat	12.7.7-0ubuntu2	amd64
systemd	259.5-0ubuntu3.4	amd64
systemd-container	259.5-0ubuntu3.4	amd64
systemd-cryptsetup	259.5-0ubuntu3.4	amd64
systemd-hwe-hwdb	259.5.3ubuntu	all
systemd-resolved	259.5-0ubuntu3.4	amd64
systemd-sysv	259.5-0ubuntu3.4	amd64
sysvinit-utils	3.15-5ubuntu1	amd64
tar	1.35+dfsg-4ubuntu0.4	amd64
tcl	8.6.16build1	amd64
tcl8.6	8.6.17+dfsg-1build1	amd64
tcpdump	4.99.6-1	amd64
telnet	0.17+2.7-2ubuntu1.1	all
tftp-hpa	5.3+20251209-2	amd64
tftpd-hpa	5.3+20251209-2	amd64
thermald	2.5.11-0ubuntu1	amd64
thin-provisioning-tools	1.1.0-4ubuntu2	amd64
time	1.9-0.4	amd64
timgm6mb-soundfont	1.3-5build1	all
tio	3.9-1build1	amd64
tmux	3.6a-2ubuntu0.1	amd64
tnftp	20260211-1	amd64
tpm-udev	4.1.3-6	all
trace-cmd	3.3.3-1ubuntu2	amd64
traceroute	1:2.1.6-1build1	amd64
tzdata	2026c-0ubuntu0.26.04.1	all
ubuntu-drivers-common	1:0.10.9	amd64
ubuntu-helper-virt-hwe	1:10.2.1+ds-1ubuntu4.3	all
ubuntu-kernel-accessories	1.570.3	amd64
ubuntu-keyring	2023.11.28.1build1	all
ubuntu-minimal	1.570.3	amd64
ubuntu-pro-client	37.2ubuntu0.1	amd64
ubuntu-pro-client-l10n	37.2ubuntu0.1	amd64
ubuntu-release-upgrader-core	1:26.04.23	all
ubuntu-server	1.570.3	amd64
ubuntu-server-minimal	1.570.3	amd64
ubuntu-standard	1.570.3	amd64
ucf	3.0052ubuntu1	all
udev	259.5-0ubuntu3.4	amd64
udisks2	2.10.91-1ubuntu2.1	amd64
ufw	0.36.2-9build1	all
unattended-upgrades	2.12ubuntu9	all
unminimize	0.5build1	amd64
update-manager-core	1:26.04.5	all
update-notifier-common	3.207.2	all
upower	1.91.1-1	amd64
usb-modeswitch	2.6.2-1ubuntu1	amd64
usb-modeswitch-data	20191128-7build1	all
usb.ids	2025.12.13-1	all
usbmuxd	1.1.1-7	amd64
usbutils	1:019-1	amd64
user-session-migration	0.5.1	amd64
util-linux	2.41.3-3ubuntu2.2	amd64
util-linux-extra	2.41.3-3ubuntu2.2	amd64
uuid-runtime	2.41.3-3ubuntu2.2	amd64
vim	2:9.1.2141-1ubuntu4.8	amd64
vim-common	2:9.1.2141-1ubuntu4.8	all
vim-runtime	2:9.1.2141-1ubuntu4.8	all
vim-tiny	2:9.1.2141-1ubuntu4.8	amd64
wget	1.25.0-2ubuntu4.4	amd64
whiptail	0.52.25-1ubuntu3	amd64
wireless-regdb	2026.02.04-0ubuntu1	all
wpasupplicant	2:2.11-0ubuntu5	amd64
x11-common	1:7.7+26ubuntu1	all
x11-xkb-utils	7.7+9build1	amd64
xauth	1:1.1.2-1.1build1	amd64
xdg-user-dirs	0.19-1	amd64
xdotool	1:3.20160805.1-5.1build1	amd64
xfsprogs	6.18.0-3	amd64
xkb-data	2.46-2	all
xml-core	0.19build1	all
xserver-common	2:21.1.22-1ubuntu1	all
xvfb	2:21.1.22-1ubuntu1	amd64
xxd	2:9.1.2141-1ubuntu4.8	amd64
xz-utils	5.8.3-1	amd64
zerofree	1.1.1-1build6	amd64
zlib1g	1:1.3.dfsg+really1.3.1-1ubuntu3.1	amd64
zstd	1.5.7+dfsg-3	amd64
