acl	2.3.2-2	arm64
adduser	3.153ubuntu1	all
apt	3.2.0	arm64
base-files	14ubuntu6.2	arm64
base-passwd	3.6.8	arm64
bash	5.3-2ubuntu1	arm64
bsdutils	1:2.41.3-3ubuntu2.2	arm64
busybox-static	1:1.37.0-7ubuntu1	arm64
ca-certificates	20260601~26.04.1	all
coreutils	9.5-1ubuntu2+0.0.0~ubuntu25	all
coreutils-from-uutils	0.0.0~ubuntu25	all
curl	8.18.0-1ubuntu2.4	arm64
dash	0.5.12-12ubuntu3	arm64
dbus	1.16.2-2ubuntu4	arm64
dbus-bin	1.16.2-2ubuntu4	arm64
dbus-daemon	1.16.2-2ubuntu4	arm64
dbus-session-bus-common	1.16.2-2ubuntu4	all
dbus-system-bus-common	1.16.2-2ubuntu4	all
debconf	1.5.92	all
debianutils	5.23.2build1	arm64
diffutils	1:3.12-1	arm64
dpkg	1.23.7ubuntu1	arm64
e2fsprogs	1.47.2-3ubuntu4	arm64
ethtool	1:6.19-1	arm64
file	1:5.46-5build2	arm64
findutils	4.10.0-3build2	arm64
gcc-16-base	16-20260322-1ubuntu1	arm64
gnu-coreutils	9.7-3ubuntu2	arm64
gpgv	2.4.8-4ubuntu3	arm64
gpiod	2.2.1-3build1	arm64
grep	3.12-1	arm64
gzip	1.14-1~exp2ubuntu1.1	arm64
hostname	3.25build1	arm64
init-system-helpers	1.69	all
iproute2	6.19.0-1ubuntu1.1	arm64
iputils-ping	3:20250605-1ubuntu1	arm64
kmod	34.2-2ubuntu2	arm64
kvmd-video	4.213-1blikvm1	arm64
kvmd-web	4.213-1blikvm3	arm64
less	668-1build1	arm64
libacl1	2.3.2-2	arm64
libapparmor1	5.0.2-0ubuntu1~26.04.1	arm64
libapt-pkg7.0	3.2.0	arm64
libatomic1	16-20260322-1ubuntu1	arm64
libattr1	1:2.5.2-4	arm64
libaudit-common	1:4.1.2-1build1	all
libaudit1	1:4.1.2-1build1	arm64
libblkid1	2.41.3-3ubuntu2.2	arm64
libbpf1	1:1.6.3-1ubuntu1	arm64
libbrotli1	1.2.0-3build1	arm64
libbsd0	0.12.2-2build2	arm64
libbz2-1.0	1.0.8-6build2	arm64
libc-bin	2.43-2ubuntu2.3	arm64
libc-gconv-modules-extra	2.43-2ubuntu2.3	arm64
libc6	2.43-2ubuntu2.3	arm64
libcap-ng0	0.8.5-4build5	arm64
libcap2	1:2.75-10ubuntu2	arm64
libcap2-bin	1:2.75-10ubuntu2	arm64
libcbor0.10	0.10.2-2ubuntu3	arm64
libcom-err2	1.47.2-3ubuntu4	arm64
libcrypt1	1:4.5.1-1	arm64
libcurl4t64	8.18.0-1ubuntu2.4	arm64
libdb5.3t64	5.3.28+dfsg2-10ubuntu1	arm64
libdbus-1-3	1.16.2-2ubuntu4	arm64
libdebconfclient0	0.280ubuntu1	arm64
libdeflate0	1.23-2ubuntu1	arm64
libedit2	3.1-20251016-1	arm64
libelf1t64	0.194-4	arm64
libevent-2.1-7t64	2.1.12-stable-10ubuntu0.1	arm64
libevent-core-2.1-7t64	2.1.12-stable-10ubuntu0.1	arm64
libevent-pthreads-2.1-7t64	2.1.12-stable-10ubuntu0.1	arm64
libexpat1	2.7.4-1	arm64
libext2fs2t64	1.47.2-3ubuntu4	arm64
libffi8	3.5.2-4	arm64
libfido2-1	1.16.0-2build1	arm64
libfreetype6	2.14.2+dfsg-1ubuntu0.1	arm64
libfribidi0	1.0.16-5	arm64
libgcc-s1	16-20260322-1ubuntu1	arm64
libgcrypt20	1.12.0-2ubuntu1	arm64
libglib2.0-0t64	2.88.0-1	arm64
libgmp10	2:6.3.0+dfsg-5ubuntu2	arm64
libgnutls30t64	3.8.12-2ubuntu1.1	arm64
libgpg-error0	1.58-2	arm64
libgpiod3	2.2.1-3build1	arm64
libgraphite2-3	1.3.14-11ubuntu1.1	arm64
libgssapi-krb5-2	1.22.1-2ubuntu4.1	arm64
libharfbuzz0b	12.3.2-2	arm64
libhogweed6t64	3.10.2-1	arm64
libidn2-0	2.3.8-4build1	arm64
libimagequant0	4.4.1-1	arm64
libjansson4	2.14-2build4	arm64
libjbig0	2.1-6.1ubuntu3	arm64
libjpeg-turbo8	2.1.5-4ubuntu4	arm64
libjpeg8	8c-2ubuntu12	arm64
libjs-sphinxdoc	8.2.3-12	all
libjson-c5	0.18+ds-3	arm64
libk5crypto3	1.22.1-2ubuntu4.1	arm64
libkeyutils1	1.6.3-6ubuntu3	arm64
libkmod2	34.2-2ubuntu2	arm64
libkrb5-3	1.22.1-2ubuntu4.1	arm64
libkrb5support0	1.22.1-2ubuntu4.1	arm64
liblcms2-2	2.17-1ubuntu0.2	arm64
libldap-common	2.6.10+dfsg-1ubuntu5	all
libldap2	2.6.10+dfsg-1ubuntu5	arm64
liblerc4	4.0.0+ds-5ubuntu2	arm64
liblz4-1	1.10.0-8	arm64
liblzma5	5.8.3-1	arm64
libmagic-mgc	1:5.46-5build2	arm64
libmagic1t64	1:5.46-5build2	arm64
libmd0	1.1.0-2build4	arm64
libmnl0	1.0.5-3build1	arm64
libmount1	2.41.3-3ubuntu2.2	arm64
libncursesw6	6.6+20251231-1	arm64
libnettle8t64	3.10.2-1	arm64
libnftables1	1.1.6-1	arm64
libnftnl11	1.3.1-1	arm64
libnghttp2-14	1.68.0-2ubuntu0.2	arm64
libnss-myhostname	259.5-0ubuntu3.4	arm64
libnss-systemd	259.5-0ubuntu3.4	arm64
libopenjp2-7	2.5.4-1ubuntu0.1	arm64
libp11-kit0	0.26.2-2	arm64
libpam-modules	1.7.0-5ubuntu3.1	arm64
libpam-modules-bin	1.7.0-5ubuntu3.1	arm64
libpam-runtime	1.7.0-5ubuntu3.1	all
libpam0g	1.7.0-5ubuntu3.1	arm64
libpcre2-8-0	10.46-1build1	arm64
libpng16-16t64	1.6.57-1	arm64
libpopt0	1.19+dfsg-2build1	arm64
libproc2-0	2:4.0.4-9ubuntu1	arm64
libpsl5t64	0.21.2-1.1build2	arm64
libpython3-stdlib	3.14.3-0ubuntu2	arm64
libpython3.14-minimal	3.14.4-1ubuntu0.1	arm64
libpython3.14-stdlib	3.14.4-1ubuntu0.1	arm64
libraqm0	0.10.4-1	arm64
libreadline8t64	8.3-4	arm64
librtmp1	2.4+20151223.gitfa8646d.1-3	arm64
libsasl2-2	2.1.28+dfsg1-9ubuntu3	arm64
libsasl2-modules-db	2.1.28+dfsg1-9ubuntu3	arm64
libseccomp2	2.6.0-2ubuntu5	arm64
libselinux1	3.9-4build1	arm64
libsemanage-common	3.9-1build1	all
libsemanage2	3.9-1build1	arm64
libsepol2	3.9-2	arm64
libsharpyuv0	1.5.0-0.1build1	arm64
libsmartcols1	2.41.3-3ubuntu2.2	arm64
libsqlite3-0	3.46.1-9ubuntu0.2	arm64
libss2	1.47.2-3ubuntu4	arm64
libssh2-1t64	1.11.1-1ubuntu0.26.04.4	arm64
libssl3t64	3.5.5-1ubuntu3.5	arm64
libstdc++6	16-20260322-1ubuntu1	arm64
libsystemd-shared	259.5-0ubuntu3.4	arm64
libsystemd0	259.5-0ubuntu3.4	arm64
libtasn1-6	4.21.0-2	arm64
libtext-charwidth-perl	0.04-11build4	arm64
libtext-wrapi18n-perl	0.06-10	all
libtiff6	4.7.0-3ubuntu5	arm64
libtinfo6	6.6+20251231-1	arm64
libtirpc-common	1.3.7-0.1	all
libtirpc3t64	1.3.7-0.1	arm64
libudev1	259.5-0ubuntu3.4	arm64
libunistring5	1.3-2build1	arm64
libusb-1.0-0	2:1.0.29-2build1	arm64
libuuid1	2.41.3-3ubuntu2.2	arm64
libv4l-0t64	1.32.0-2ubuntu1	arm64
libv4l2rds0t64	1.32.0-2ubuntu1	arm64
libv4lconvert0t64	1.32.0-2ubuntu1	arm64
libwebp7	1.5.0-0.1build1	arm64
libwebpdemux2	1.5.0-0.1build1	arm64
libwebpmux3	1.5.0-0.1build1	arm64
libwrap0	7.6.q-36build2	arm64
libxau6	1:1.0.11-1build2	arm64
libxcb1	1.17.0-2ubuntu1	arm64
libxdmcp6	1:1.1.5-2	arm64
libxkbcommon0	1.13.1-1	arm64
libxtables12	1.8.11-2ubuntu3	arm64
libxxhash0	0.8.3-2build1	arm64
libyaml-0-2	0.2.5-2build3	arm64
libzstd1	1.5.7+dfsg-3	arm64
login	1:4.16.0-2+really2.41.3-3ubuntu2.2	arm64
login.defs	1:4.17.4-2ubuntu3	all
logsave	1.47.2-3ubuntu4	arm64
mawk	1.3.4.20260129-1	arm64
media-types	14.0.0build1	all
mount	2.41.3-3ubuntu2.2	arm64
nano	8.7.1-1ubuntu0.1	arm64
ncurses-base	6.6+20251231-1	all
ncurses-bin	6.6+20251231-1	arm64
netbase	6.5build1	all
nftables	1.1.6-1	arm64
nginx	1.28.3-2ubuntu1.10	arm64
nginx-common	1.28.3-2ubuntu1.10	all
openssh-client	1:10.2p1-2ubuntu3.6	arm64
openssh-server	1:10.2p1-2ubuntu3.6	arm64
openssh-sftp-server	1:10.2p1-2ubuntu3.6	arm64
openssl	3.5.5-1ubuntu3.5	arm64
openssl-provider-legacy	3.5.5-1ubuntu3.5	arm64
passwd	1:4.17.4-2ubuntu3	arm64
perl-base	5.40.1-7ubuntu0.1	arm64
procps	2:4.0.4-9ubuntu1	arm64
python3	3.14.3-0ubuntu2	arm64
python3-aiofiles	25.1.0-2	all
python3-aiohappyeyeballs	2.6.1-2	all
python3-aiohttp	3.13.3-3ubuntu1	arm64
python3-aiosignal	1.4.0-1	all
python3-async-timeout	5.0.1-1	all
python3-attr	25.4.0-1build1	all
python3-evdev	1.9.3-1build1	arm64
python3-frozenlist	1.8.0-2build1	arm64
python3-idna	3.11-1ubuntu0.1	all
python3-minimal	3.14.3-0ubuntu2	arm64
python3-multidict	6.4.3-1build2	arm64
python3-passlib	1.9.3-1ubuntu1	all
python3-pil	12.1.1-2ubuntu1.3	arm64
python3-propcache	0.3.1-1build2	arm64
python3-pygments	2.19.2+dfsg-1	all
python3-pyotp	2.9.0-2build1	all
python3-ruamel.yaml	0.18.10+ds-1build1	all
python3-ruamel.yaml.clib	0.2.15+ds-1build1	arm64
python3-setproctitle	1.3.7-2build1	arm64
python3-xlib	0.33-5	all
python3-yaml	6.0.3-1build1	arm64
python3-yarl	1.22.0-1build1	arm64
python3.14	3.14.4-1ubuntu0.1	arm64
python3.14-minimal	3.14.4-1ubuntu0.1	arm64
readline-common	8.3-4	all
rsync	3.4.1+ds1-7ubuntu0.3	arm64
rust-coreutils	0.8.0-0ubuntu3	arm64
sed	4.9-2ubuntu1	arm64
sensible-utils	0.0.26build1	all
strace	6.19+ds-0ubuntu5	arm64
sudo	1.9.17p2-1ubuntu3	arm64
sudo-common	1.2ubuntu	all
systemd	259.5-0ubuntu3.4	arm64
systemd-resolved	259.5-0ubuntu3.4	arm64
systemd-sysv	259.5-0ubuntu3.4	arm64
sysvinit-utils	3.15-5ubuntu1	arm64
tar	1.35+dfsg-4ubuntu0.4	arm64
tzdata	2026c-0ubuntu0.26.04.1	all
ubuntu-keyring	2023.11.28.1build1	all
ucf	3.0052ubuntu1	all
udev	259.5-0ubuntu3.4	arm64
usbutils	1:019-1	arm64
ustreamer	6.65-1blikvm2	arm64
util-linux	2.41.3-3ubuntu2.2	arm64
v4l-utils	1.32.0-2ubuntu1	arm64
xkb-data	2.46-2	all
zlib1g	1:1.3.dfsg+really1.3.1-1ubuntu3	arm64
