elapsed_seconds,journal_allocated,journal_files,first_probe_present,processes,sockets,MemAvailable,Shmem,AnonPages,Cached,Slab,SReclaimable,SUnreclaim,/var/log,/var/log/journal,/run/log/journal,/var/log/nginx
1.7850828930095304,4194304,1,True,114,114,492711936,354394112,123228160,354394112,30412800,8826880,21585920,4096,0,4194304,0
62.04143043901422,6299648,2,True,114,114,486141952,356507648,127033344,356507648,30859264,8933376,21925888,4096,0,6299648,0
122.22457928201766,6299648,2,True,114,109,481173504,356507648,127135744,356507648,30928896,8933376,21995520,4096,0,6299648,0
181.99498524100636,8773632,3,True,107,109,481677312,358981632,127164416,358981632,30986240,8933376,22052864,4096,0,8773632,0
242.23435294200317,11251712,4,True,108,109,479817728,361459712,127275008,361459712,31072256,8933376,22138880,4096,0,11251712,0
302.06822975401883,13729792,5,True,107,109,479608832,363937792,127315968,363937792,31088640,8933376,22155264,4096,0,13729792,0
362.0953517210146,14102528,5,False,107,109,480358400,364310528,127418368,364310528,31117312,8949760,22167552,4096,0,14102528,0
422.4166225150111,14102528,5,False,107,111,472469504,364306432,127451136,364306432,31133696,8949760,22183936,4096,0,14102528,0
482.2990141190239,14102528,5,False,105,109,469639168,364310528,127578112,364310528,31154176,8966144,22188032,4096,0,14102528,0
542.166446037998,14102528,5,False,105,109,480456704,364310528,127328256,364310528,31191040,8982528,22208512,4096,0,14102528,0
602.0761556969956,14102528,5,False,105,109,477802496,364310528,127541248,364310528,31195136,8982528,22212608,4096,0,14102528,0
662.6729009910196,14102528,5,False,105,109,452509696,364310528,127844352,364310528,31277056,8982528,22294528,4096,0,14102528,0
722.2266800000216,14102528,5,False,105,109,475987968,364310528,127692800,364310528,31277056,8982528,22294528,4096,0,14102528,0
782.1282919369987,14102528,5,False,105,109,481689600,364310528,127557632,364310528,31277056,8982528,22294528,4096,0,14102528,0
841.9885392000142,14098432,5,False,104,109,478109696,364306432,127852544,364306432,31277056,8982528,22294528,4096,0,14098432,0
902.3525509480096,14098432,5,False,105,109,468946944,364310528,127860736,364310528,31277056,8982528,22294528,4096,0,14098432,0
962.1693549340125,14098432,5,False,105,109,476704768,364306432,127795200,364306432,31289344,8982528,22306816,4096,0,14098432,0
1022.188647670002,14110720,5,False,105,109,471064576,364318720,128237568,364318720,31301632,8982528,22319104,4096,0,14110720,0
1081.9594999910041,14094336,5,False,105,109,475840512,364302336,127938560,364302336,31313920,8982528,22331392,4096,0,14094336,0
1142.226835931011,14098432,5,False,105,109,477577216,364306432,128065536,364306432,31350784,9015296,22335488,4096,0,14098432,0
1202.1099300890055,14098432,5,False,104,109,472711168,364306432,128331776,364306432,31358976,9015296,22343680,4096,0,14098432,0
1261.980296896014,14094336,5,False,104,109,473931776,364302336,128045056,364302336,31358976,9015296,22343680,4096,0,14094336,0
1321.9051929670095,14077952,5,False,105,109,470118400,364285952,128266240,364285952,31375360,9019392,22355968,4096,0,14077952,0
1382.1657640910125,14098432,5,False,105,109,474681344,364306432,128122880,364306432,31371264,9019392,22351872,4096,0,14098432,0
1442.002925680019,14098432,5,False,105,109,477302784,364306432,128622592,364306432,31371264,9019392,22351872,4096,0,14098432,0
1502.3619774600083,14098432,5,False,105,109,479113216,364306432,128512000,364306432,31371264,9019392,22351872,4096,0,14098432,0
1562.1776045419974,14102528,5,False,105,109,478126080,364310528,128299008,364310528,31395840,9035776,22360064,4096,0,14102528,0
1622.9821132240177,14106624,5,False,104,109,482607104,364314624,128724992,364314624,31416320,9035776,22380544,4096,0,14106624,0
1682.040234977001,14106624,5,False,105,109,474497024,364314624,128811008,364314624,31404032,9035776,22368256,4096,0,14106624,0
1742.4716708960186,14106624,5,False,105,109,479510528,364314624,128913408,364314624,31399936,9035776,22364160,4096,0,14106624,0
1802.3981656380056,14102528,5,False,105,109,474451968,364310528,128626688,364310528,31404032,9035776,22368256,4096,0,14102528,0
1862.2579651650158,14102528,5,False,105,109,473575424,364310528,128921600,364310528,31408128,9035776,22372352,4096,0,14102528,0
1922.1351809980115,14098432,5,False,105,109,478617600,364306432,128671744,364306432,31408128,9035776,22372352,4096,0,14098432,0
1982.0997023920063,14098432,5,False,104,109,479354880,364306432,128950272,364306432,31436800,9035776,22401024,4096,0,14098432,0
2042.016716337006,14094336,5,False,104,109,468291584,364302336,129196032,364302336,31436800,9035776,22401024,4096,0,14094336,0
2102.390679781005,14098432,5,False,105,109,473202688,364306432,128503808,364306432,31469568,9035776,22433792,4096,0,14098432,0
2162.304931015009,14098432,5,False,105,109,471584768,364310528,129019904,364310528,31469568,9035776,22433792,4096,0,14098432,0
2222.176733183005,14102528,5,False,105,109,471420928,364310528,129196032,364310528,31481856,9035776,22446080,4096,0,14102528,0
2282.410494355019,14102528,5,False,105,109,470917120,364310528,129449984,364310528,31490048,9035776,22454272,4096,0,14102528,0
2342.2420813020144,14098432,5,False,105,109,470900736,364306432,129228800,364306432,31490048,9035776,22454272,4096,0,14098432,0
2402.207523803023,14098432,5,False,104,109,471932928,364306432,129224704,364306432,31490048,9035776,22454272,4096,0,14098432,0
2462.011078036012,14098432,5,False,105,109,471879680,364306432,129376256,364306432,31490048,9035776,22454272,4096,0,14098432,0
2522.3706076620147,14098432,5,False,105,109,475721728,364306432,129290240,364306432,31490048,9035776,22454272,4096,0,14098432,0
2583.064927925996,14094336,5,False,105,109,472162304,364302336,129437696,364302336,31494144,9035776,22458368,4096,0,14094336,0
2642.1016549550113,14106624,5,False,105,109,466337792,364314624,129835008,364314624,31526912,9035776,22491136,4096,0,14106624,0
2702.1969020150136,14106624,5,False,105,109,471007232,364314624,129789952,364314624,31522816,9035776,22487040,4096,0,14106624,0
2762.0673613249965,14106624,5,False,104,109,471834624,364314624,129744896,364314624,31539200,9035776,22503424,4096,0,14106624,0
2821.9527511660126,14106624,5,False,105,109,472547328,364314624,129695744,364314624,31555584,9035776,22519808,4096,0,14106624,0
2882.38022922902,14106624,5,False,105,109,473874432,364314624,129777664,364314624,31555584,9035776,22519808,4096,0,14106624,0
2942.4340712650155,14098432,5,False,105,109,479227904,364306432,130068480,364306432,31580160,9035776,22544384,4096,0,14098432,0
3002.3046523340163,14098432,5,False,105,109,478281728,364306432,129851392,364306432,31571968,9035776,22536192,4096,0,14098432,0
3062.1908576730057,14098432,5,False,105,109,474058752,364306432,129843200,364306432,31567872,9035776,22532096,4096,0,14098432,0
3122.088665218005,14094336,5,False,104,109,476532736,364302336,130039808,364302336,31567872,9035776,22532096,4096,0,14094336,0
3181.984403345996,14098432,5,False,104,109,468594688,364306432,130117632,364306432,31567872,9035776,22532096,4096,0,14098432,0
3241.968794245011,14106624,5,False,105,109,474464256,364314624,130359296,364314624,31571968,9035776,22536192,4096,0,14106624,0
3302.2668991100218,14098432,5,False,105,109,470339584,364314624,130375680,364314624,31571968,9035776,22536192,4096,0,14098432,0
3362.165269026009,14098432,5,False,105,109,473227264,364306432,130441216,364306432,31567872,9035776,22532096,4096,0,14098432,0
3422.431901283009,14102528,5,False,105,109,472326144,364310528,130179072,364310528,31584256,9052160,22532096,4096,0,14102528,0
3482.2296145230066,14102528,5,False,105,109,464601088,364310528,130461696,364310528,31584256,9052160,22532096,4096,0,14102528,0
3543.483202544012,14114816,5,False,104,109,474505216,364322816,130387968,364322816,31588352,9052160,22536192,4096,0,14114816,0
3602.0932412530237,14114816,5,False,105,109,477450240,364322816,130576384,364322816,31584256,9052160,22532096,4096,0,14114816,0
3662.3564343519974,14098432,5,False,105,109,475574272,364306432,130441216,364306432,31588352,9052160,22536192,4096,0,14098432,0
3722.1256168080145,14094336,5,False,105,109,472223744,364302336,130433024,364302336,31588352,9052160,22536192,4096,0,14094336,0
3781.951676427998,14090240,5,False,105,109,477290496,364298240,130551808,364298240,31596544,9052160,22544384,4096,0,14090240,0
3842.3775808869977,14090240,5,False,105,109,475906048,364302336,130240512,364302336,31596544,9052160,22544384,4096,0,14090240,0
3901.9162626909965,14061568,5,False,104,109,473481216,364273664,130523136,364273664,31600640,9052160,22548480,4096,0,14061568,0
3962.23084471302,14090240,5,False,104,109,472403968,364298240,130514944,364298240,31600640,9052160,22548480,4096,0,14090240,0
4022.0735303560214,14094336,5,False,105,109,469323776,364302336,130289664,364302336,31600640,9052160,22548480,4096,0,14094336,0
4081.864780413016,14098432,5,False,105,109,474447872,364306432,130371584,364306432,31600640,9052160,22548480,4096,0,14098432,0
4142.291230415023,14098432,5,False,105,109,476299264,364306432,130457600,364306432,31600640,9052160,22548480,4096,0,14098432,0
4202.296891556005,14106624,5,False,105,109,476155904,364314624,130375680,364314624,31617024,9052160,22564864,4096,0,14106624,0
4262.112437563017,14102528,5,False,105,109,474447872,364310528,130478080,364310528,31612928,9052160,22560768,4096,0,14102528,0
4322.330809853011,14102528,5,False,104,109,474263552,364310528,130334720,364310528,31612928,9052160,22560768,4096,0,14102528,0
4382.231821594003,14102528,5,False,105,109,475246592,364310528,130260992,364310528,31612928,9052160,22560768,4096,0,14102528,0
4441.990763701004,14098432,5,False,105,109,477388800,364310528,130265088,364310528,31612928,9052160,22560768,4096,0,14098432,0
4504.257627195999,14102528,5,False,105,109,469381120,364310528,130519040,364310528,31625216,9052160,22573056,4096,0,14102528,0
4562.302809312008,14102528,5,False,104,109,472891392,364310528,130490368,364310528,31625216,9052160,22573056,4096,0,14102528,0
4622.102581854007,14102528,5,False,104,109,477937664,364310528,130146304,364310528,31621120,9052160,22568960,4096,0,14102528,0
4682.013055068004,14102528,5,False,103,111,474046464,364310528,130506752,364310528,31621120,9052160,22568960,4096,0,14102528,0
4742.349186981999,14102528,5,False,104,109,476561408,364310528,129994752,364310528,31621120,9052160,22568960,4096,0,14102528,0
4802.168964616023,14102528,5,False,104,109,473927680,364310528,130473984,364310528,31621120,9052160,22568960,4096,0,14102528,0
4862.08868244302,14098432,5,False,104,109,472805376,364306432,130404352,364306432,31621120,9052160,22568960,4096,0,14098432,0
4922.338214820018,14098432,5,False,104,109,470417408,364306432,130506752,364306432,31621120,9052160,22568960,4096,0,14098432,0
4982.213649458019,14094336,5,False,104,109,475447296,364302336,130138112,364302336,31621120,9052160,22568960,4096,0,14094336,0
5042.069034911023,14098432,5,False,103,109,473198592,364306432,130473984,364306432,31625216,9052160,22573056,4096,0,14098432,0
5102.298423188011,14098432,5,False,103,109,475521024,364306432,130478080,364306432,31625216,9052160,22573056,4096,0,14098432,0
5162.130028626008,14098432,5,False,103,109,469282816,364408832,130670592,364408832,31625216,9052160,22573056,4096,0,14098432,0
5222.4314829320065,14098432,5,False,103,109,472838144,364306432,130211840,364306432,31625216,9052160,22573056,4096,0,14098432,0
5282.2060472790035,14102528,5,False,103,109,473133056,364310528,130514944,364310528,31625216,9052160,22573056,4096,0,14102528,0
5342.023514780012,14098432,5,False,103,109,474779648,364306432,130129920,364306432,31625216,9052160,22573056,4096,0,14098432,0
5402.395903739001,14098432,5,False,103,109,472387584,364310528,130322432,364310528,31625216,9052160,22573056,4096,0,14098432,0
5463.235508034995,14098432,5,False,102,109,465850368,364306432,130207744,364306432,31645696,9052160,22593536,4096,0,14098432,0
5522.234287863015,14102528,5,False,103,109,476737536,364310528,130347008,364310528,31629312,9052160,22577152,4096,0,14102528,0
5582.090274098999,14102528,5,False,103,109,470945792,364310528,130441216,364310528,31629312,9052160,22577152,4096,0,14102528,0
5641.9654051270045,14106624,5,False,103,109,477396992,364318720,130482176,364318720,31629312,9052160,22577152,4096,0,14106624,0
5702.262522452016,14106624,5,False,103,109,471212032,364314624,130002944,364314624,31629312,9052160,22577152,4096,0,14106624,0
5762.061527928017,14102528,5,False,103,109,475205632,364310528,130584576,364310528,31629312,9052160,22577152,4096,0,14102528,0
5822.088897870999,14110720,5,False,102,109,474112000,364318720,130154496,364318720,31637504,9052160,22585344,4096,0,14110720,0
5881.861238686019,14102528,5,False,102,109,479322112,364310528,130535424,364310528,31637504,9052160,22585344,4096,0,14102528,0
5942.231285728019,14102528,5,False,103,109,473284608,364310528,130367488,364310528,31637504,9052160,22585344,4096,0,14102528,0
6002.1361261460115,14102528,5,False,103,109,475332608,364310528,130560000,364310528,31633408,9052160,22581248,4096,0,14102528,0
6061.997659831017,14102528,5,False,103,109,474611712,364306432,130605056,364306432,31633408,9052160,22581248,4096,0,14102528,0
6121.909048466012,14106624,5,False,103,109,463912960,364314624,130535424,364314624,31629312,9052160,22577152,4096,0,14106624,0
6182.228323999996,14094336,5,False,103,109,470560768,364302336,130011136,364302336,31629312,9052160,22577152,4096,0,14094336,0
6242.1593608719995,14094336,5,False,102,109,472543232,364302336,130658304,364302336,31629312,9052160,22577152,4096,0,14094336,0
6301.980208242021,14090240,5,False,103,109,468983808,364298240,130658304,364298240,31629312,9052160,22577152,4096,0,14090240,0
6362.341657220997,14090240,5,False,103,109,473739264,364298240,130433024,364298240,31645696,9052160,22593536,4096,0,14090240,0
6423.213336718007,14073856,5,False,103,109,455380992,364281856,130682880,364281856,31649792,9052160,22597632,4096,0,14073856,0
6482.31393574801,14098432,5,False,103,109,473927680,364306432,130707456,364306432,31649792,9052160,22597632,4096,0,14098432,0
6542.124334521999,14098432,5,False,103,109,476688384,364306432,130342912,364306432,31649792,9052160,22597632,4096,0,14098432,0
6602.037361735012,14098432,5,False,102,109,478101504,364310528,130502656,364310528,31653888,9052160,22601728,4096,0,14098432,0
6662.305538306013,14102528,5,False,103,109,473890816,364310528,130527232,364310528,31653888,9052160,22601728,4096,0,14102528,0
6722.125369695015,14106624,5,False,103,109,468250624,364314624,130396160,364314624,31653888,9052160,22601728,4096,0,14106624,0
6782.257133099018,14106624,5,False,103,109,479227904,364314624,130334720,364314624,31653888,9052160,22601728,4096,0,14106624,0
6842.164380869013,14094336,5,False,103,109,475602944,364302336,130375680,364302336,31653888,9052160,22601728,4096,0,14094336,0
6902.074875753024,14098432,5,False,103,109,476119040,364306432,130654208,364306432,31649792,9052160,22597632,4096,0,14098432,0
6961.928899328021,14098432,5,False,102,109,474771456,364306432,130596864,364306432,31649792,9052160,22597632,4096,0,14098432,0
7022.40344006801,14098432,5,False,102,109,475758592,364306432,130379776,364306432,31649792,9052160,22597632,4096,0,14098432,0
7082.34017097202,14094336,5,False,103,109,472875008,364302336,130424832,364302336,31657984,9052160,22605824,4096,0,14094336,0
7142.177378768014,14102528,5,False,103,109,478482432,364310528,130535424,364310528,31649792,9052160,22597632,4096,0,14102528,0
7201.685973092011,14102528,5,False,103,109,471400448,364310528,130359296,364310528,31657984,9052160,22605824,4096,0,14102528,0
