elapsed_h,main_Pss_Anon_KiB,main_Private_Dirty_KiB,main_Anonymous_KiB,MemAvailable_KiB,AnonPages_KiB,Shmem_KiB,Slab_KiB
0.00038045995166612555,20134,19912,39912,476692,110608,353656,30652
0.017067411494442946,21217,21168,40480,477316,112356,353676,30792
0.03375458882832997,21245,21196,40508,476452,111936,353688,30800
0.050453513283331024,21261,21212,40524,480804,112440,353696,30800
0.06713983868110922,21273,21224,40536,482404,112364,353708,30800
0.08383110662388693,21313,21264,40576,478736,112488,353720,30800
0.10039392998305427,21576,21528,40836,478732,112708,353736,30836
0.11708716597833295,21584,21536,40844,480332,112616,353748,30828
0.13378614314527415,21588,21540,40848,477448,112796,353760,30824
0.150471532747219,21599,21552,40856,479544,112756,353768,30820
0.16716169349527465,21599,21552,40856,481228,112556,353780,30820
0.1837108253941632,21933,21888,41184,468520,112684,353800,30880
0.20040233352249845,21945,21900,41196,479132,112796,353812,30872
0.21709031026416697,21948,21904,41196,482356,112800,353820,30876
0.23377870460361008,21948,21904,41196,480108,112888,353832,30868
0.25046817255055226,21952,21908,41200,482736,113108,353844,30872
0.2724605850019442,22262,22220,41504,470968,113244,353864,30908
0.2837163745774968,22262,22220,41504,480760,113124,353872,30908
0.3004015849774967,22262,22220,41504,472320,113524,353884,30904
0.3170967884699995,22266,22224,41508,471140,113328,353892,30904
0.3337849873530528,22266,22224,41508,481336,113388,353908,30900
0.35047181823722184,22266,22224,41508,479572,113236,353916,30900
0.36705301479138547,22577,22536,41816,481568,113644,353932,30912
0.38374499772416637,22577,22536,41816,481360,113644,353944,30912
0.40044420340944475,22577,22536,41816,480304,113436,353956,30912
0.41714920418722207,22577,22536,41816,478532,113824,353968,30912
0.4337000851383305,22581,22540,41820,482676,113568,353976,30912
0.45040258940527567,22869,22828,42108,469292,113744,353996,30928
0.4670946045986097,22869,22828,42108,477748,114144,354008,30996
0.48378508156055533,22869,22828,42108,477072,113800,354020,30992
0.5004917641272186,22869,22828,42108,481556,113848,354028,30992
0.5170582731669411,22869,22828,42108,482068,113992,354040,30992
0.538543242069722,23036,23040,42144,478500,114084,354060,30992
0.550490253696666,23036,23040,42144,476948,114340,354068,31024
0.5670459932588872,23036,23040,42144,479556,114136,354080,31024
0.5837390462811083,23036,23040,42144,479080,114356,354088,31028
0.6004309279719423,23036,23040,42144,481780,114256,354100,31044
0.6171202636080528,23036,23040,42144,477476,114020,354116,31040
0.6337177184202746,23044,23048,42152,474748,114332,354128,31060
0.650397388183608,23044,23048,42152,476392,114068,354140,31048
0.6670854320491667,23044,23048,42152,475412,114168,354152,31048
0.6837743852019412,23044,23048,42152,483044,114268,354164,31040
0.7004657425877748,23044,23048,42152,478424,114356,354172,31040
0.7170558140258314,23048,23052,42156,461512,114092,354192,31068
0.733753348161388,23048,23052,42156,478048,114272,354204,31060
0.7504474193777747,23048,23052,42156,480636,114272,354212,31064
0.7671366072397198,23048,23052,42156,477944,114356,354224,31056
0.7838219429552757,23048,23052,42156,479688,114028,354236,31056
0.8048523125786111,23064,23068,42172,467416,114292,354256,31072
0.817075133051108,23064,23068,42172,475240,114192,354264,31064
0.8337663806849984,23064,23068,42172,479024,114292,354276,31060
0.8504573125716666,23064,23068,42172,478552,114360,354280,31052
0.8671446526324993,23064,23068,42172,478728,114116,354296,31052
0.8838362351863867,23064,23068,42172,478048,114356,354308,31052
0.9004262087297199,23084,23088,42192,479684,114412,354328,31076
0.9171105942958335,23084,23088,42192,480268,114212,354336,31072
0.9338075710399991,23084,23088,42192,480664,113896,354348,31068
0.9503884384119414,23084,23088,42192,477268,114300,354360,31072
0.9670861025494418,23084,23088,42192,481712,114212,354368,31076
0.9837820645708335,23112,23116,42220,480468,114340,354388,31076
1.0004743205255524,23115,23120,42220,475268,114052,354400,31072
1.0171540537444446,23115,23120,42220,475208,114392,354408,31076
1.033703511497499,23115,23120,42220,478956,114032,354420,31076
1.0503925953513882,23115,23120,42220,480480,114168,354432,31076
1.0710068287524983,23134,23140,42236,463088,113968,354452,31100
1.0837761127630519,23134,23140,42236,477912,114368,354460,31100
1.1004875168436088,23134,23140,42236,483768,114448,354472,31092
1.1170280982919414,23134,23140,42236,477216,114456,354484,31092
1.1337371657305548,23134,23140,42236,476944,114488,354492,31092
1.150432954610555,23134,23140,42236,479888,114168,354504,31088
1.1671485917636084,23137,23144,42236,475324,114464,354524,31108
1.1837188870747195,23137,23144,42236,479468,114156,354532,31108
1.2004063530966635,23137,23144,42236,478412,114272,354544,31104
1.2171086014575,23137,23144,42236,478976,114172,354556,31104
1.233801831906389,23137,23144,42236,474176,114392,354564,31104
1.2503727815730559,23140,23148,42236,465492,114368,354584,31112
1.267070832056387,23140,23148,42236,476356,114396,354596,31108
1.2837631011422208,23140,23148,42236,473976,114176,354608,31104
1.300441922130275,23140,23148,42236,471440,114076,354616,31100
1.3171348137838867,23140,23148,42236,476032,114328,354628,31096
1.3371906587861102,23140,23148,42236,455432,114420,354648,31100
1.3503923612480544,23140,23148,42236,475924,114096,354656,31100
1.367087275533886,23140,23148,42236,479632,114376,354668,31096
1.3837966510902777,23140,23148,42236,481072,114276,354680,31096
1.400493302899441,23140,23148,42236,478020,114164,354688,31092
1.4170563467022212,23140,23148,42236,477968,114336,354700,31092
1.4337920863644427,23140,23148,42236,473240,114376,354720,31108
1.4504798505177758,23140,23148,42236,476368,114212,354728,31108
1.4670394804333329,23140,23148,42236,477676,114548,354740,31108
1.4837448613574977,23140,23148,42236,479972,114328,354752,31108
1.5004350667430522,23140,23148,42236,481644,114176,354764,31108
1.5171464914288866,23140,23148,42236,483480,114444,354784,31112
1.5337051584041668,23140,23148,42236,474960,114324,354792,31112
1.5503970151666646,23140,23148,42236,477268,114360,354804,31108
1.5670948687877777,23140,23148,42236,480552,114292,354812,31104
1.583792738188054,23140,23148,42236,478508,114092,354824,31104
1.6034187484416664,23140,23148,42236,469584,114224,354844,31128
1.617040874138054,23140,23148,42236,473592,114392,354852,31120
1.6337382648344445,23140,23148,42236,478384,114312,354864,31108
1.6504294334041656,23140,23148,42236,478372,113992,354876,31104
1.66714025969611,23140,23148,42236,480168,114092,354884,31104
1.6838332586136109,23140,23148,42236,479560,114356,354896,31104
1.7004252839708311,23149,23160,42236,476096,114004,354916,31108
1.7171162473516637,23149,23160,42236,477684,114204,354928,31104
1.733806368737775,23149,23160,42236,481360,114460,354936,31104
1.750503584768889,23149,23160,42236,474184,114480,354948,31104
1.767051748084163,23149,23160,42236,475900,114356,354960,31104
1.7837820608597192,23152,23164,42236,470864,114008,354976,31156
1.800477592317499,23152,23164,42236,475372,114408,354988,31152
1.8171725337822218,23152,23164,42236,481320,114208,355000,31140
1.833728923953608,23152,23164,42236,477816,114296,355008,31140
1.8504162267372197,23152,23164,42236,476000,114512,355020,31136
1.8697576492999965,23152,23164,42236,474404,114424,355040,31152
1.8837911720516665,23152,23164,42236,477572,114308,355048,31152
1.9004889359938857,23152,23164,42236,477460,114624,355064,31144
1.9170388616677763,23152,23164,42236,475064,114332,355072,31144
1.933727934065832,23152,23164,42236,477768,114192,355084,31144
1.9504230380097214,23152,23164,42236,478352,114440,355092,31140
1.9671161518286076,23152,23164,42236,475564,114108,355112,31148
1.9838235855347213,23152,23164,42236,479456,113972,355124,31140
2.00037911835361,23152,23164,42236,476656,114284,355132,31140
2.0170737425852754,23152,23164,42236,475164,114280,355144,31136
2.033758930248053,23152,23164,42236,477244,114192,355156,31136
2.05048380068722,23155,23168,42236,477344,114412,355172,31188
2.067038333739167,23155,23168,42236,477860,114160,355184,31176
2.0837261431074996,23155,23168,42236,482116,114460,355196,31176
2.1004358308983297,23155,23168,42236,475496,114008,355204,31172
2.1171264260102745,23155,23168,42236,473524,114612,355216,31172
2.1359188129694426,23155,23168,42236,475220,114400,355236,31176
2.1503700859755552,23155,23168,42236,477160,114240,355248,31168
2.167064081326389,23155,23168,42236,476464,114196,355256,31168
2.1837650317738855,23155,23168,42236,477840,114312,355268,31172
2.2004523998183303,23155,23168,42236,478104,114512,355280,31184
2.2171487093805546,23155,23168,42236,477836,114312,355288,31180
2.233726719331664,23155,23168,42236,480576,114032,355308,31188
2.2504172612799973,23155,23168,42236,477676,114036,355320,31192
2.267116671096111,23155,23168,42236,476792,114412,355328,31192
2.2838159307691646,23155,23168,42236,477032,114512,355340,31192
2.300368175461109,23155,23168,42236,472476,114416,355352,31192
2.317067472923053,23161,23176,42236,471820,114348,355368,31200
2.333756376984719,23161,23176,42236,476976,113740,355380,31196
2.350455296228053,23161,23176,42236,476100,114420,355392,31196
2.367144136657775,23161,23176,42236,478724,114420,355404,31196
2.383707269279164,23161,23176,42236,475440,114196,355412,31196
2.402231207893609,23539,23680,42236,462128,114928,355432,31208
2.4171070519991633,23539,23680,42236,470852,114324,355444,31204
2.4337944040905537,23539,23680,42236,477112,114824,355452,31204
2.450488180229719,23539,23680,42236,476520,114824,355464,31204
2.4670360194849974,23539,23680,42236,476476,114916,355476,31204
2.483733521831111,23539,23680,42236,476636,114572,355484,31200
2.5004218535861096,23539,23680,42236,476032,114772,361328,31212
2.517114296808888,23539,23680,42236,466256,114940,361340,31240
2.533812389072777,23539,23680,42236,471936,114648,361348,31240
2.550371421891941,23539,23680,42236,469108,114904,361360,31236
2.567070607066109,23539,23680,42236,466940,114896,361372,31236
2.5837892802861098,24022,24324,42236,466160,115592,361392,31240
2.6004802654130534,24022,24324,42236,467808,115592,361400,31244
2.6170387537877753,24022,24324,42236,470216,115628,361412,31236
2.6337339504230557,24022,24324,42236,465196,115532,361424,31236
2.6504265500452755,24022,24324,42236,465900,114996,361432,31236
2.6683920002052766,24022,24324,42236,455604,115596,361452,31236
2.6838322067316644,24022,24324,42236,472412,115580,361460,31236
2.7003911000544436,24022,24324,42236,471976,115528,361472,31232
2.717076453936109,24022,24324,42236,469568,115576,361484,31232
2.733771612617222,24022,24324,42236,470496,115548,361496,31232
2.750451726726108,24022,24324,42236,467312,115492,361504,31232
2.767042783222221,24157,24504,42236,473004,115796,361524,31244
2.783728295429444,24157,24504,42236,470744,115808,361536,31244
2.800425590774721,24157,24504,42236,469908,115848,361548,31240
2.8171188936705542,24157,24504,42236,468608,115872,361556,31248
2.8338105804563867,24157,24504,42236,468064,115772,361568,31248
2.850412892321664,24157,24504,42236,473300,115604,361588,31252
2.8671120686552767,24157,24504,42236,469284,115680,361596,31252
2.883807322830552,24157,24504,42236,467956,115772,361608,31252
2.900503825652498,24157,24504,42236,469340,115572,361620,31252
2.917079523216388,24157,24504,42236,472612,115112,361628,31252
2.9346583439141654,31895,34828,42236,452892,125896,361648,31256
2.9503784993780533,31895,34828,42236,457480,126092,361660,31252
2.967063903994163,31895,34828,42236,455740,126096,361672,31248
2.9837607998208315,31899,34832,42240,458044,125988,361680,31244
3.000484208391665,31899,34832,42240,462496,125600,361692,31240
3.0170393388866636,31899,34832,42240,461444,125612,361704,31240
3.0337294396488867,31899,34832,42240,458568,125804,361720,31252
3.0504261784199964,31899,34832,42240,455508,126092,361732,31248
3.067125015403055,31899,34832,42240,461452,126200,361744,31248
3.083835141073331,31899,34832,42240,462656,126100,361752,31248
3.100393617124719,31899,34832,42240,458400,126044,361764,31248
3.1170989227124988,31899,34832,42240,457112,125972,361784,31248
3.1337981695172212,31899,34832,42240,458728,126000,361792,31248
3.1504983271783327,31899,34832,42240,459600,126100,361804,31248
3.167045174886945,31899,34832,42240,460396,126012,361820,31244
3.183740029395554,31899,34832,42240,463812,126264,361828,31244
3.2007520521652744,31911,34844,42252,450204,125812,362100,31256
3.2171718039119432,31911,34844,42252,457860,126112,362112,31248
3.2337281255366666,31911,34844,42252,455804,126064,362124,31248
3.2504073107074993,31911,34844,42252,456080,126044,362132,31248
3.2671014391788855,31911,34844,42252,460000,126216,362144,31252
3.283794779975833,31911,34844,42252,455824,125912,362156,31252
3.3004998816283315,32047,34980,42388,445092,125948,362172,31256
3.3170454357966648,32047,34980,42388,456844,126204,362188,31252
3.333757631004442,32047,34980,42388,459416,125884,362196,31248
3.3504495065405555,32047,34980,42388,460048,126196,362204,31248
3.367132459463889,32051,34984,42392,460144,126252,362216,31248
3.383710370141109,32351,35284,42692,456904,126424,362240,31260
3.4004018132577767,32351,35284,42692,455004,126272,362248,31260
3.417099635408332,32359,35292,42700,452456,126548,362256,31252
3.4337970073469437,32359,35292,42700,458764,126460,362268,31248
3.450497479885554,32359,35292,42700,455836,126360,362280,31248
3.4672168259136096,32627,35560,42968,448804,126916,362296,31252
3.483774087637499,32627,35560,42968,457468,126692,362308,31252
3.5004797601,32627,35560,42968,458476,126828,362320,31252
3.517023410176941,32627,35560,42968,455272,126840,362328,31248
3.533721278925554,32627,35560,42968,461664,126772,362340,31244
3.550413525378333,32627,35560,42968,462248,126860,362352,31244
3.567120902659998,32915,35848,43256,457116,126788,362368,31252
3.5838219946147203,32923,35856,43264,458576,127124,362380,31248
3.6003792765658322,32923,35856,43264,458348,127136,362392,31248
3.6170796054302747,32923,35856,43264,452564,127052,362404,31244
3.633775839581665,32923,35856,43264,454976,127020,362412,31244
3.65049127781583,33199,36132,43540,455880,127400,362432,31252
3.667045179351941,33199,36132,43540,458376,127472,362444,31244
3.683725662241943,33207,36140,43548,455068,127496,362452,31244
3.700414276581388,33211,36144,43552,452616,127360,362464,31244
3.717112075938611,33211,36144,43552,459852,127384,362476,31244
3.7338146006172206,33515,36448,43856,435784,127216,362492,31252
3.7503717083197223,33515,36448,43856,456460,127744,362504,31244
3.7670680537597216,33515,36448,43856,456164,127692,362516,31244
3.783777006669722,33515,36448,43856,457596,127700,362524,31248
3.800470469670832,33515,36448,43856,455940,127728,362536,31248
3.822326670727776,33811,36744,44152,453568,127984,362560,31252
3.8337045079138865,33823,36756,44164,447748,127728,362568,31252
3.850396970095555,33823,36756,44164,459312,127932,362580,31252
3.8670912846047214,33827,36760,44168,461192,127960,362588,31248
3.8837763795055555,33827,36760,44168,459320,127932,362600,31248
3.9004669921602746,33831,36764,44172,456460,127884,362608,31248
3.917171996421663,34142,37076,44480,454392,128344,362628,31260
3.9337254123633305,34142,37076,44480,459184,128252,362636,31252
3.950445872155554,34142,37076,44480,457392,128280,362648,31248
3.9671277732758323,34142,37076,44480,452108,128452,362660,31248
3.9838244707827752,34142,37076,44480,456948,127744,362672,31248
4.00041211988,34442,37376,44780,444776,128360,362688,31276
4.017109391529444,34446,37380,44784,444344,128692,362700,31276
4.0337972275138885,34446,37380,44784,454520,128248,362712,31272
4.050486748044443,34446,37380,44784,451284,128648,362724,31272
4.0670464305566645,34446,37380,44784,457584,128368,362732,31272
4.088515154191389,34738,37672,45076,428368,128948,362756,31284
4.100465458135833,34738,37672,45076,459220,128872,362764,31280
4.117146880684721,34738,37672,45076,459956,128740,362772,31280
4.133717814958889,34742,37676,45080,459364,128960,362784,31268
4.150416219822776,34746,37680,45084,455592,128996,362796,31268
4.1671094880480535,34746,37680,45084,456348,128672,362804,31268
4.183832311531389,35078,38012,45416,453840,128980,362824,31272
4.2003897698097195,35078,38012,45416,456472,129356,362836,31272
4.217089290929443,35078,38012,45416,456300,129216,362844,31272
4.233790903255831,35082,38016,45420,457608,129148,362856,31272
4.250490519055553,35082,38016,45420,453060,129284,362868,31272
4.267082447980554,35426,38360,45764,455432,129484,362888,31288
4.283764115796944,35426,38360,45764,455508,129380,362896,31288
4.300457630583333,35426,38360,45764,459360,128916,362908,31280
4.3171589198136076,35430,38364,45768,454440,129432,362920,31276
4.333716460991111,35430,38364,45768,453988,129692,362928,31272
4.354764017255831,35698,38632,46036,445980,129892,362952,31276
4.367136793134721,35702,38636,46040,453516,129924,362960,31276
4.383835369229722,35702,38636,46040,453108,129604,362968,31276
4.400402177078609,35706,38640,46044,455940,129452,362980,31268
4.417100610213889,35706,38640,46044,450712,129904,362992,31268
4.433803822139998,35706,38640,46044,456388,129972,363000,31268
4.4503761214583335,35978,38912,46316,454740,130228,363020,31276
4.467083490958608,35978,38912,46316,455884,129816,363032,31276
4.483801018536942,35982,38916,46320,453620,130356,363044,31276
4.5005016310244415,35982,38916,46320,449300,130084,363052,31272
4.517065210782219,35986,38920,46324,455612,130168,363064,31272
4.533790463046664,36278,39212,46616,444644,130484,363084,31300
4.550492248881945,36278,39212,46616,455272,130380,363092,31292
4.567047833039445,36278,39212,46616,453756,130528,363104,31288
4.583743147397775,36278,39212,46616,459828,130408,363116,31280
4.600435455546111,36278,39212,46616,452684,130264,363124,31280
4.620955181293054,36574,39508,46912,445608,130420,363148,31288
4.633746896307777,36574,39508,46912,450040,130808,363156,31284
4.650429718511663,36574,39508,46912,452928,130608,363164,31284
4.667124136236667,36574,39508,46912,456116,130660,363176,31276
4.683804277462498,36574,39508,46912,454788,130700,363188,31276
4.700504011266388,36574,39508,46912,454396,130576,363200,31284
4.717083273543609,36842,39776,47180,452332,130960,363220,31296
4.733780327368331,36846,39780,47184,453116,130880,363228,31292
4.750475489227497,36846,39780,47184,454736,131020,363240,31292
4.767053578473331,36846,39780,47184,456076,131136,363248,31288
4.783754476396389,36846,39780,47184,451464,130772,363260,31288
4.800452281156387,37142,40076,47480,442556,131272,363280,31292
4.817156524734997,37142,40076,47480,455508,131300,363288,31300
4.833710799264999,37146,40080,47484,452748,131384,363300,31292
4.850412207151389,37146,40080,47484,453384,131388,363312,31288
4.867113027686941,37150,40084,47488,454348,131408,363320,31288
4.88703620977361,37442,40376,47780,433748,131664,363344,31304
4.9003783216252765,37446,40380,47784,455596,131728,363352,31304
4.917072562866944,37446,40380,47784,452108,131396,363364,31304
4.933769980644441,37450,40384,47788,449444,131692,363372,31304
4.9504695634499996,37450,40384,47788,444292,131484,363384,31304
4.967170145616389,37450,40384,47788,449928,131652,363396,31304
4.983738701856386,37750,40684,48088,451124,131756,363412,31300
5.000433202832497,37758,40692,48096,454788,131924,363424,31300
5.017124581231389,37758,40692,48096,448220,131996,363436,31300
5.033823796054441,37758,40692,48096,450676,131868,363444,31304
5.050378018591109,37758,40692,48096,450244,131948,363456,31304
5.06711723737472,38066,41000,48404,441864,131904,363476,31296
5.083799679127777,38078,41012,48416,453140,132172,363488,31296
5.100483232378886,38078,41012,48416,449164,131992,363496,31296
5.117040361699166,38078,41012,48416,448280,132032,363508,31296
5.13374543561833,38078,41012,48416,448800,131796,363520,31296
5.153234374890276,38382,41316,48720,442432,132616,363540,31304
5.167135689838611,38382,41316,48720,449208,132036,363548,31304
5.183836356163055,38382,41316,48720,450356,132488,363560,31304
5.200398200026664,38386,41320,48724,454560,132628,363568,31296
5.21711585918861,38386,41320,48724,452192,132496,363584,31296
5.23382295044861,38386,41320,48724,450136,132520,363592,31296
5.250408371763333,38690,41624,49028,447020,132900,363608,31308
5.267111228164443,38694,41628,49032,450748,132948,363620,31308
5.283791812799444,38698,41632,49036,446304,132748,363632,31308
5.300502306262222,38698,41632,49036,451100,132784,363644,31308
5.317056843423056,38698,41632,49036,446868,132732,363652,31308
5.333781036497498,38994,41928,49332,437656,132948,369496,31320
5.350481437394164,39002,41936,49340,443944,133192,369508,31312
5.367034773306388,39002,41936,49340,443304,133268,369516,31312
5.383739203090832,39002,41936,49340,444228,133240,369528,31312
5.400432871272775,39006,41940,49344,442456,133040,369540,31312
5.419412435770832,39286,42220,49624,443796,133296,369560,31304
5.433733472281666,39286,42220,49624,447276,133548,369568,31300
5.450428079683609,39286,42220,49624,441232,132996,369584,31300
5.467111247966944,39286,42220,49624,448412,133516,369588,31300
5.483804680498611,39290,42224,49628,442476,133540,369600,31296
5.50049121628861,39290,42224,49628,443468,133284,369612,31296
5.5170717621686105,39578,42512,49916,440144,133800,369632,31300
5.533769338398888,39578,42512,49916,444100,133828,369640,31300
5.55046937269972,39578,42512,49916,441876,133748,369652,31296
5.567041625122498,39578,42512,49916,440060,133784,369664,31296
5.583740834392221,39578,42512,49916,439932,133780,369672,31296
5.600453700357777,39858,42792,50196,440624,134208,369692,31316
5.617152550176389,39866,42800,50204,438580,134056,369704,31316
5.633713103651943,39866,42800,50204,443568,134156,369712,31332
5.650414147039721,39866,42800,50204,444584,133768,369724,31332
5.667118042221389,39866,42800,50204,447028,134008,369736,31328
5.685497532764441,40186,43120,50524,421116,134416,369756,31336
5.700384419280555,40190,43124,50528,440084,134160,369764,31328
5.7170866389425,40190,43124,50528,444980,134460,369776,31328
5.733788470412498,40190,43124,50528,444608,134200,369788,31328
5.7504859730544435,40194,43128,50532,443948,133956,369796,31328
5.767048065275833,40194,43128,50532,442080,134464,369808,31328
5.783756654516663,40538,43472,50876,442352,134708,369828,31328
5.800454157731943,40538,43472,50876,438160,134584,369836,31332
5.817150859917222,40546,43480,50884,444948,134712,369848,31332
5.833711387608055,40546,43480,50884,441888,134768,369860,31340
5.8504147059388885,40550,43484,50888,445152,134800,369868,31340
5.867135513458888,40818,43752,51156,444028,134832,369888,31356
5.883836778119443,40818,43752,51156,439712,134904,369900,31356
5.900398666625556,40818,43752,51156,440388,135104,369908,31348
5.917102560099722,40818,43752,51156,439052,134796,369920,31348
5.933804328374164,40818,43752,51156,440460,135176,369932,31348
5.951636334363332,41098,44032,51436,417812,135004,369952,31360
5.967081587901666,41098,44032,51436,441476,135112,369960,31356
5.983798556885555,41098,44032,51436,444328,135224,369972,31356
6.000501011984165,41098,44032,51436,437596,135344,369984,31352
6.017044553067778,41098,44032,51436,433444,135344,369992,31352
6.0337550242566635,41098,44032,51436,439504,135372,370004,31352
6.050460032544167,41414,44348,51752,442708,135568,370024,31360
6.067174293917221,41418,44352,51756,442600,135376,370032,31352
6.083735004477219,41422,44356,51760,438308,135548,370044,31348
6.100436942601664,41422,44356,51760,440788,135660,370056,31348
6.11714848254722,41422,44356,51760,444176,135264,370064,31348
6.133741150648332,41730,44664,52068,437964,136016,370084,31352
6.150442078104166,41730,44664,52068,440704,135900,370096,31352
6.167144780815555,41730,44664,52068,434976,135984,370108,31352
6.18370139928611,41730,44664,52068,444512,135876,370116,31352
6.200404754989164,41738,44672,52076,444140,135944,370128,31352
6.217809285085831,42046,44980,52384,443144,136248,370148,31360
6.233811598137496,42046,44980,52384,435972,135968,370156,31344
6.250369476253331,42046,44980,52384,438112,136292,370168,31344
6.267060972333331,42046,44980,52384,440780,136172,370180,31344
6.283761752780831,42046,44980,52384,439760,136020,370188,31344
6.300448989542222,42050,44984,52388,443060,136104,370200,31344
6.317034552631667,42334,45268,52672,438932,136580,370220,31356
6.333732793144999,42334,45268,52672,441592,136620,370228,31356
6.350431863946389,42338,45272,52676,442684,136544,370240,31356
6.367132012124166,42350,45284,52688,442044,136284,370252,31352
6.383815744653334,42350,45284,52688,444604,136288,370264,31352
6.400399899468333,42646,45580,52984,439964,136860,370280,31352
6.417102468773608,42650,45584,52988,441156,136840,370292,31348
6.433815035413055,42650,45584,52988,437300,137088,370304,31348
6.450370942274167,42654,45588,52992,441856,136940,370312,31348
6.46706836644611,42654,45588,52992,442780,136768,370324,31348
6.483977232608053,42930,45864,53268,436960,136956,370344,31356
6.500398706893053,42930,45864,53268,440776,137116,370352,31344
6.517113236643608,42938,45872,53276,436136,137072,370364,31344
6.533795290908052,42942,45876,53280,432032,136828,370376,31352
6.550496175743053,42942,45876,53280,437168,136972,370384,31352
6.567050684129443,42946,45880,53284,435156,137212,370396,31352
6.583754940827219,43258,46192,53596,439324,137356,370416,31356
6.600460679033608,43258,46192,53596,440420,137384,370428,31356
6.617154615483333,43258,46192,53596,440952,137528,370436,31356
6.633729510198609,43258,46192,53596,440304,137472,370448,31352
6.650427732552776,43258,46192,53596,432364,137524,370460,31352
6.667118008517221,43526,46460,53864,431628,137348,370476,31380
6.683823179716108,43526,46460,53864,436708,137640,370488,31368
6.700393718732222,43526,46460,53864,439080,137792,370500,31360
6.717097619145,43526,46460,53864,435288,137784,370508,31356
6.733810529412222,43526,46460,53864,441236,137596,370520,31356
6.750501479242222,43810,46744,54148,413112,137844,370540,31384
6.767077118698609,43810,46744,54148,439728,138016,370552,31364
6.783778231991944,43818,46752,54156,438176,138092,370560,31360
6.800476879099721,43818,46752,54156,438680,137968,370572,31360
6.817034612741389,43818,46752,54156,433832,137840,372736,31372
6.839080331883609,44102,47036,54440,423088,137988,372756,31380
6.850477004697221,44114,47048,54452,441148,138164,372764,31376
6.867040252992499,44114,47048,54452,441152,137948,372776,31376
6.883739653881664,44114,47048,54452,431980,138332,372784,31376
6.900441555191388,44114,47048,54452,437388,138400,372796,31376
6.917152105789165,44114,47048,54452,433568,138232,372812,31376
6.933745011736666,44393,47328,54728,430228,138492,372824,31380
6.950448180718886,44393,47328,54728,436052,138608,372836,31376
6.9671460739891655,44393,47328,54728,431872,138600,372852,31372
6.983701501790557,44413,47348,54748,436524,138676,372860,31368
7.000400610501384,44413,47348,54748,434812,138648,372868,31368
7.017103265461386,44697,47632,55032,432772,138964,372888,31376
7.03380139375694,44697,47632,55032,429068,138964,372900,31372
7.050518238548328,44697,47632,55032,437592,138732,372908,31368
7.067076521387499,44697,47632,55032,434912,138892,372920,31364
7.083778784771388,44697,47632,55032,430604,138660,372932,31364
7.105105249518335,45013,47948,55348,426788,139208,372952,31376
7.117037568777499,45021,47956,55356,434824,139288,372960,31372
7.133740065621945,45021,47956,55356,435620,139296,372972,31372
7.150440998000834,45021,47956,55356,437064,139296,372980,31372
7.1671347295569445,45021,47956,55356,439400,139092,372992,31368
7.183829732280275,45021,47956,55356,437292,138580,373004,31364
7.200444868458055,45321,48256,55656,433428,139524,373024,31376
7.217144236569164,45321,48256,55656,433868,139208,373032,31376
7.233706210051112,45325,48260,55660,434272,139616,373044,31368
7.2503882466169385,45329,48264,55664,431676,139548,373056,31368
7.267086890484724,45329,48264,55664,427976,139608,373064,31368
7.283818495656386,45629,48564,55964,434960,139720,373084,31368
7.300394886860829,45633,48568,55968,439236,139632,373096,31368
7.317095318568608,45633,48568,55968,434244,139852,373104,31364
7.333796924583051,45633,48568,55968,432232,139600,373116,31368
7.3504919865627745,45633,48568,55968,434472,139892,373128,31368
7.3712780671194436,45929,48864,56264,437184,140168,373148,31376
7.383789171955553,45929,48864,56264,434012,139912,373156,31376
7.400485793267217,45929,48864,56264,434592,140060,373172,31376
7.41704899377555,45933,48868,56268,436188,139924,373180,31372
7.433755518292496,45937,48872,56272,434808,139920,373188,31372
7.450456525103056,45937,48872,56272,436928,140196,373200,31368
7.467167825970278,46253,49188,56588,433604,140452,373220,31372
7.483724064422778,46253,49188,56588,431960,140180,373228,31372
7.500423381173055,46253,49188,56588,435336,140536,373240,31372
7.517138851538054,46253,49188,56588,434116,140460,373252,31372
7.533838727198058,46257,49192,56592,432448,140404,373260,31372
7.550395435709724,46545,49480,56880,425584,140744,373280,31372
7.567117563521113,46545,49480,56880,436484,140512,373292,31372
7.583821109245279,46557,49492,56892,434748,140580,373304,31372
7.600381519163056,46557,49492,56892,426956,140844,373312,31372
7.617082841916668,46557,49492,56892,432356,140832,373324,31368
7.637444079351666,46841,49776,57176,415112,140884,373344,31380
7.650378081241385,46849,49784,57184,431264,140980,373352,31376
7.667066759513335,46853,49788,57188,430064,140880,373364,31376
7.683765473106946,46853,49788,57188,429468,140732,373376,31376
7.700469134613611,46853,49788,57188,431064,141132,373384,31376
7.717171316573885,46853,49788,57188,431232,140844,373396,31376
7.733766095480557,47148,50084,57480,432092,141440,373416,31368
7.750488636589718,47148,50084,57480,432364,141332,373424,31364
7.7670520978122175,47152,50088,57484,431712,141432,373436,31364
7.783756478191943,47152,50088,57484,434640,141396,373448,31372
7.800459948659999,47152,50088,57484,429088,141408,373456,31364
7.817057957269167,47428,50364,57760,425668,141468,373476,31376
7.833772671643884,47428,50364,57760,429484,141644,373488,31376
7.850472682280556,47428,50364,57760,432588,141588,373500,31372
7.867038593893335,47428,50364,57760,428356,141572,373504,31372
7.883740337575,47432,50368,57764,431084,141420,373520,31372
7.903668842035,47732,50668,58064,410416,141932,373540,31376
7.917153132766665,47736,50672,58068,427208,141672,373548,31372
7.933726151839995,47736,50672,58068,434520,142028,373560,31368
7.950429122891106,47736,50672,58068,436228,141768,373572,31368
7.96712734644222,47736,50672,58068,424388,141956,373580,31364
7.983821149790828,47736,50672,58068,430632,141780,373592,31364
8.000377932135832,48008,50944,58340,428604,142296,373612,31368
8.017078944628334,48008,50944,58340,428468,142000,373620,31368
8.03379553787694,48008,50944,58340,427480,141936,373632,31368
8.050508706992776,48008,50944,58340,431500,142192,373644,31368
8.067069321904443,48008,50944,58340,434184,142232,373656,31368
8.083807544243884,48284,51220,58616,425900,142240,373672,31380
8.100504430133054,48296,51232,58628,433804,142232,373684,31380
8.117082145917221,48300,51236,58632,428604,142536,373696,31380
8.133792679484444,48300,51236,58632,430668,142540,373704,31380
8.150491824282216,48300,51236,58632,427004,142516,373716,31376
8.169868460916389,48588,51524,58920,421552,142544,373736,31376
8.183779402542221,48592,51528,58924,420364,142884,379568,31392
8.20048116805028,48600,51536,58932,424652,142552,379580,31392
8.21705425092083,48604,51540,58936,422060,142608,379592,31388
8.233750947081942,48604,51540,58936,422340,142892,379600,31412
8.250471704835,48604,51540,58936,423836,142812,379612,31412
8.267042705947217,48912,51848,59244,425324,143124,379636,31428
8.283736503827225,48912,51848,59244,424168,143188,379644,31424
8.300431378347502,48912,51848,59244,425228,143124,379652,31424
8.31714054928167,48912,51848,59244,425204,143168,379664,31420
8.333838554339163,48912,51848,59244,423340,143152,379680,31420
8.350428972587219,49220,52156,59552,423684,143460,379692,31420
8.367122460785556,49220,52156,59552,422208,143432,379704,31416
8.38383478520861,49220,52156,59552,425072,143428,379716,31416
8.400398084217223,49224,52160,59556,420324,143516,379724,31416
8.417102883074444,49224,52160,59556,422288,143444,379736,31412
8.43602826328944,49520,52456,59852,413340,143736,379756,31420
8.450499162178886,49520,52456,59852,424340,143660,379768,31420
8.467064479588055,49520,52456,59852,418152,143808,379776,31420
8.483765089523052,49520,52456,59852,424592,143776,379788,31416
8.500469699185551,49520,52456,59852,421808,143736,379800,31416
8.517019302558612,49520,52456,59852,423512,143824,379808,31416
8.533721802695,49828,52764,60160,419904,144112,379828,31416
8.550431637504719,49836,52772,60168,424960,143824,379840,31416
8.567143383219994,49836,52772,60168,426868,144040,379848,31416
8.583724191543887,49836,52772,60168,425100,144124,379860,31416
8.600424863002498,49836,52772,60168,425976,143836,379872,31416
8.617128843447224,50135,53072,60464,420500,143968,379888,31432
8.633827147913884,50143,53080,60472,421412,143884,379900,31420
8.650390744976386,50143,53080,60472,421924,144356,379912,31416
8.667108371903613,50147,53084,60476,425328,144388,379924,31420
8.683809736718613,50147,53084,60476,424868,144416,379932,31428
8.70222174910472,50489,53428,60812,407516,144360,379952,31428
8.717103565488053,50489,53428,60812,423220,144712,379964,31424
8.73380666676722,50489,53428,60812,419720,144424,379972,31416
8.750372977176383,50489,53428,60812,421124,144696,379984,31416
8.767080182638335,50489,53428,60812,420272,144520,379996,31416
8.783783911938889,50493,53432,60816,425240,144724,380004,31416
8.800379464495272,50896,53836,61216,419568,145104,380024,31424
8.817079744134995,50904,53844,61224,418692,145148,380036,31416
8.83379145515444,50904,53844,61224,422964,145128,380044,31416
8.850488768134998,50904,53844,61224,422480,145156,380056,31416
8.867048902476938,50904,53844,61224,421364,145012,380068,31416
8.883742992037224,51176,54116,61496,415860,145472,380088,31420
8.900466027029445,51180,54120,61500,421156,145452,380096,31416
8.917169317886389,51180,54120,61500,419748,145432,380108,31416
8.933726031045275,51180,54120,61500,418568,145160,380120,31416
8.950455745776942,51180,54120,61500,422432,145396,380128,31424
8.968299856042496,51444,54384,61764,416668,145528,380148,31420
8.983740807551666,51444,54384,61764,420388,145740,380160,31420
9.000442636853888,51448,54388,61768,419520,145740,380168,31420
9.017144595322218,51448,54388,61768,420804,145704,380180,31420
9.033708754920832,51452,54392,61772,419200,145760,380192,31420
9.050402789044998,51452,54392,61772,421048,145548,380204,31420
9.067109253761389,51732,54672,62052,418524,146024,380220,31424
9.083823058314163,51740,54680,62060,417624,145992,380232,31424
9.100386200524161,51740,54680,62060,420184,145548,380240,31420
9.117090031905278,51740,54680,62060,423336,145948,380252,31420
9.13379205652389,51744,54684,62064,416704,145964,380264,31420
9.150502435211383,52036,54976,62356,413604,146244,380284,31428
9.167072446726944,52036,54976,62356,422924,146252,380288,31428
9.183798461418611,52036,54976,62356,419408,146312,380304,31424
9.200367222453885,52036,54976,62356,421192,146244,380316,31424
9.217067935456111,52036,54976,62356,424016,146244,380324,31424
9.23449145454611,52348,55288,62668,409200,146540,380344,31428
9.250505222889721,52348,55288,62668,421136,146580,380356,31424
9.267063016754166,52348,55288,62668,418164,146456,380364,31424
9.283770299295833,52356,55296,62676,420656,146628,380376,31424
9.30047393022722,52356,55296,62676,413780,146084,380388,31424
9.317043073891941,52356,55296,62676,420572,146164,380396,31424
9.333762071270273,52648,55588,62968,422192,146856,380416,31424
9.350467885307776,52668,55608,62988,417672,146936,380428,31424
9.367036924659446,52668,55608,62988,421012,146676,380440,31424
9.383739309415274,52668,55608,62988,422896,146512,380448,31424
9.400426123413054,52668,55608,62988,420524,146932,380460,31424
9.417064683654996,52968,55908,63288,418124,147180,383888,31592
9.433766038062773,52968,55908,63288,414008,147016,383896,31584
9.450467542307775,52968,55908,63288,416588,146928,383908,31580
9.46703527521055,52972,55912,63292,415212,147184,383920,31580
9.483739384869445,52972,55912,63292,413388,147140,383928,31576
9.500613625336385,53276,56216,63596,408704,147152,383948,31576
9.517170861619718,53276,56216,63596,413808,147164,383960,31564
9.53373697194528,53276,56216,63596,414320,147488,383972,31564
9.550442674567773,53276,56216,63596,418392,147524,383980,31564
9.567157623570278,53276,56216,63596,419612,147580,383992,31564
9.583714433076384,53276,56216,63596,415556,147388,384004,31560
9.600438615333607,53584,56524,63904,412192,147852,384020,31560
9.617146260895558,53584,56524,63904,407388,147860,384032,31560
9.633708205501664,53584,56524,63904,415828,147796,384044,31560
9.650407533896667,53584,56524,63904,416452,147896,384052,31560
9.667106344493336,53584,56524,63904,414544,147856,384064,31560
9.683845949431108,53876,56816,64196,409760,148164,384084,31576
9.700404838727772,53876,56816,64196,416932,148088,384092,31576
9.717102221329446,53876,56816,64196,418236,148168,384104,31572
9.733806289591941,53876,56816,64196,417832,148092,384116,31572
9.750374232044997,53880,56820,64200,418396,147892,384128,31572
9.767110355175554,54172,57112,64492,405856,148216,384144,31564
9.783819668206108,54176,57116,64496,413680,148204,384156,31560
9.80037738161472,54184,57124,64504,411384,148296,384168,31560
9.817079015246385,54188,57128,64508,414984,148200,384176,31560
9.83379102688944,54188,57128,64508,411384,148416,384188,31560
9.855809412225273,54476,57416,64796,414016,148492,384212,31564
9.867077509913328,54476,57416,64796,413552,148588,384216,31564
9.883783877297223,54476,57416,64796,408364,148772,384228,31560
9.900485499445276,54476,57416,64796,414592,148760,384240,31560
9.917050785048334,54480,57420,64800,418064,148692,384248,31560
9.933753870607777,54480,57420,64800,415984,148520,384260,31560
9.950501767806943,54760,57700,65080,413112,148992,384280,31564
9.967061698980551,54768,57708,65088,413028,148580,384288,31564
9.983763074623607,54768,57708,65088,410448,149060,384300,31564
10.000476901125836,54768,57708,65088,412400,149000,384312,31560
10.017041217832778,54768,57708,65088,411192,148680,384324,31560
10.033794231143053,55044,57984,65364,402700,149064,384340,31556
10.050505428883884,55044,57984,65364,410608,149332,384352,31556
10.067075342223607,55044,57984,65364,411320,149356,384364,31556
10.083774138964444,55044,57984,65364,415764,149344,384372,31556
10.100484034710833,55044,57984,65364,411896,149192,384384,31556
10.12195232066861,55328,58268,65648,413528,149468,384408,31560
10.133765749301942,55332,58272,65652,413004,149624,384412,31560
10.150484655236385,55344,58284,65664,414400,149524,384424,31560
10.167055260296385,55344,58284,65664,416628,149456,384436,31560
10.183775557019722,55344,58284,65664,412364,149628,384448,31556
10.200481224352496,55344,58284,65664,413684,149568,384456,31556
10.21705223602583,55612,58552,65932,407044,149824,384476,31572
10.233749678121384,55612,58552,65932,413564,149824,384488,31572
10.25045305423694,55612,58552,65932,413048,149860,384496,31564
10.267150654346107,55616,58556,65936,413000,149828,384508,31560
10.283708484809168,55616,58556,65936,414240,149728,384520,31560
10.300441395830834,55920,58860,66240,405516,150096,384536,31560
10.317145037611109,55932,58872,66252,412436,149804,384548,31560
10.333714913164165,55932,58872,66252,408188,149844,384560,31560
10.350407361734161,55932,58872,66252,409800,150060,384568,31560
10.367105767735,55932,58872,66252,406980,150252,384580,31560
10.388027530343331,56248,59188,66568,402516,150488,384604,31556
10.400400725180832,56248,59188,66568,410804,150276,384612,31556
10.417103450940001,56248,59188,66568,412472,150532,384624,31552
10.433815864219165,56248,59188,66568,411928,150472,384632,31552
10.450382115084446,56248,59188,66568,414968,150476,384644,31552
10.467093456054718,56256,59196,66576,411876,150384,384652,31564
10.483785861292773,56548,59488,66868,407672,150244,384672,31580
10.500484884772773,56548,59488,66868,407732,150800,384684,31572
10.517047372075274,56548,59488,66868,406872,150576,384692,31572
10.533749615756662,56552,59492,66872,409616,150380,384704,31576
10.550452562258053,56556,59496,66876,409964,150608,384716,31576
10.567142036224169,56724,59664,67044,409932,151036,384732,31572
10.583717256499165,56724,59664,67044,411208,150896,384744,31568
10.600413922378333,56724,59664,67044,403520,150952,384756,31568
10.617122652384165,56724,59664,67044,405256,150920,384768,31568
10.633839585828335,56724,59664,67044,413876,150964,384776,31568
10.65418017539722,56724,59664,67044,412996,150888,384800,31576
10.66712384122389,56724,59664,67044,409704,150412,384808,31572
10.683826545625278,56724,59664,67044,414596,150764,384816,31568
10.700391622499996,56724,59664,67044,408228,151052,384828,31568
10.717096596456944,56724,59664,67044,409320,150952,384840,31568
10.733810995783335,56724,59664,67044,415736,150784,384848,31568
10.750390318880276,56727,59668,67044,406852,150856,384868,31592
10.767086706811387,56727,59668,67044,409936,150956,384880,31580
10.783789924681106,56727,59668,67044,417560,150988,384888,31576
10.800500108702495,56727,59668,67044,409496,150616,384900,31576
10.817062229251388,56727,59668,67044,410552,150956,384912,31576
10.833804284633056,56727,59668,67044,415020,151044,384932,31576
10.850380668556665,56727,59668,67044,407620,150512,384940,31572
10.867089315340273,56727,59668,67044,409444,151056,384952,31572
10.88379761851472,56727,59668,67044,401996,150792,384964,31572
10.90050267643444,56727,59668,67044,404708,151004,384972,31568
10.920423264982778,56727,59668,67044,400416,150856,384996,31580
10.933774801785557,56727,59668,67044,405820,150956,385004,31576
10.950469417810002,56727,59668,67044,409300,150964,385012,31576
10.967170495680831,56727,59668,67044,409784,151012,385024,31576
10.983732629753884,56727,59668,67044,409856,150856,385036,31576
11.000443396391388,56727,59668,67044,407240,150956,385044,31576
11.017048276429996,56727,59668,67044,408228,150940,385064,31580
11.03375116819139,56727,59668,67044,402112,150856,390900,31592
11.050457291200834,56727,59668,67044,401836,150756,390912,31592
11.067164634521662,56727,59668,67044,403396,150968,390920,31588
11.083727638293608,56727,59668,67044,406792,150856,390932,31588
11.100476248263051,56727,59668,67044,397392,151040,390952,31584
11.11704001447194,56727,59668,67044,406268,150640,390960,31584
11.133753237290552,56727,59668,67044,405264,150856,390972,31580
11.150460181466107,56727,59668,67044,402656,150812,390980,31576
11.167164792507773,56727,59668,67044,401768,151004,390992,31580
11.186695454210001,56727,59668,67044,406580,150468,391016,31580
11.20046392151389,56727,59668,67044,403332,151056,391024,31576
11.217165824705557,56727,59668,67044,402560,150784,391036,31576
11.233756225217778,56727,59668,67044,408960,150756,391044,31576
11.250478836305556,56727,59668,67044,408504,150920,391056,31576
11.267044859125,56727,59668,67044,400392,151012,391064,31576
11.283763774145829,56727,59668,67044,406636,150756,391084,31588
11.300452735781114,56727,59668,67044,404372,150944,391096,31580
11.31714362265222,56727,59668,67044,404644,150732,391108,31580
11.333712839101661,56727,59668,67044,398116,150768,391116,31580
11.350429417115278,56727,59668,67044,404036,151156,391128,31580
11.367129296535834,56727,59668,67044,404456,150956,391148,31592
11.383832725803885,56727,59668,67044,408064,151000,391156,31588
11.400397229504444,56727,59668,67044,398664,151064,391168,31588
11.417101316320558,56727,59668,67044,403800,150656,391180,31588
11.433825330710832,56727,59668,67044,404480,150780,391188,31588
11.452772148921941,56727,59668,67044,380448,150952,391212,31588
11.467104900311387,56727,59668,67044,408388,150756,391220,31588
11.483814371396107,56727,59668,67044,406116,150796,391232,31580
11.500376938469167,56727,59668,67044,406448,150944,391240,31580
11.517080497743057,56727,59668,67044,407128,150956,391252,31580
11.533802374439441,56727,59668,67044,405628,150788,391268,31580
11.550387177690274,56727,59668,67044,401160,150656,391280,31600
11.567091738518332,56727,59668,67044,407784,150656,391292,31592
11.583802252343336,56727,59668,67044,406836,150688,391304,31588
11.600505530634166,56727,59668,67044,401288,151020,391312,31588
11.617072969883335,56727,59668,67044,406864,150900,391324,31588
11.633803389306946,56727,59668,67044,398768,151024,391344,31584
11.650503746152777,56727,59668,67044,402780,151020,391352,31580
11.667074843730555,56727,59668,67044,407272,150776,391364,31580
11.683774894796944,56727,59668,67044,402696,150956,391376,31580
11.70048167353694,56727,59668,67044,404812,150984,391388,31576
11.718951426016389,56727,59668,67044,394080,150712,391408,31592
11.733700581601944,56727,59668,67044,397856,150684,391416,31580
11.750406800812497,56727,59668,67044,401636,151064,391428,31576
11.76710094152611,56727,59668,67044,403600,150856,391436,31576
11.783806725986384,56727,59668,67044,402384,150572,391448,31576
11.800372702902218,56727,59668,67044,406772,150784,391460,31580
11.817088384272777,56727,59668,67044,402664,150856,391476,31612
11.833794919153886,56727,59668,67044,404276,150856,391488,31604
11.850499219096108,56727,59668,67044,402780,150992,391500,31596
11.867079294857216,56727,59668,67044,405024,150824,391508,31596
11.88378628958833,56727,59668,67044,400396,150656,391520,31596
11.900502961763891,56727,59668,67044,400532,151040,391540,31608
11.917071106334996,56727,59668,67044,410632,150576,391552,31604
11.933765819212494,56727,59668,67044,405952,150956,391560,31600
11.950461217139447,56727,59668,67044,407084,151056,391572,31596
11.967171626536938,56727,59668,67044,398036,151040,391584,31596
11.985023569115276,56727,59668,67044,403028,150720,391604,31612
12.000475159509167,56727,59668,67044,403456,150956,391612,31612
12.00847369710028,,,,506012,57880,391500,31596
12.017075771958885,20270,20076,39956,438912,110776,391652,31612
12.033787013510551,20310,20116,39996,442572,110888,391660,31612
12.050494292491106,20329,20136,40012,441532,110952,391672,31608
12.06707829857722,20352,20160,40032,443004,111140,391684,31608
12.083813401211389,21355,21332,40532,440172,112340,391704,31616
12.100381367268888,21379,21356,40556,434988,112524,391712,31616
12.117088751284998,21407,21384,40584,441812,112288,391724,31616
12.13379450850833,21439,21416,40616,447812,112724,391736,31612
12.15049717627528,21447,21424,40624,441728,112604,391744,31612
12.167083670978883,21710,21688,40884,441980,112712,391764,31612
12.183784675973891,21710,21688,40884,444676,112604,391776,31612
12.200495855825551,21710,21688,40884,438768,112736,391784,31608
12.217060834169162,21710,21688,40884,439660,112888,391796,31608
12.233766428284717,21710,21688,40884,443560,112804,391808,31608
12.251170323827779,22029,22008,41200,443040,112992,391828,31616
