package	version	architecture	dpkg_status	source	license_document	license_sha256	license_terms
acl	2.3.2-2	arm64	install ok installed	acl	/usr/share/doc/acl/copyright	9a2dfb4a5abc7e84be2cc41f1089be665519c9409549296f6c19de57ab1d37c2	GPL-2+; LGPL-2+
adduser	3.153ubuntu1	all	install ok installed	adduser	/usr/share/doc/adduser/copyright	46a62796c410dd88c0df99066519127a29ddca803078f7a8554fc779c30101bb	GPL-2+
apt	3.2.0	arm64	install ok installed	apt	/usr/share/doc/apt/copyright	5c7835bd455fdea5183f41980f75269c802ce161b4a136a079f4666603bccc2c	BSD-3-clause; Expat; GPL-2; GPL-2+; GPL-2+ and curl; curl
base-files	14ubuntu6.2	arm64	install ok installed	base-files	/usr/share/doc/base-files/copyright	576859a65409c99cb1632c8b3de4b3deb26910800832beda76aca33d00720134	GPL-2+; verbatim
base-passwd	3.6.8	arm64	install ok installed	base-passwd	/usr/share/doc/base-passwd/copyright	0f1cde79bd80a75f9029ae9a8c252b642223027ef36f6989c63a8230aae576a7	GPL-2; public-domain
bash	5.3-2ubuntu1	arm64	install ok installed	bash	/usr/share/doc/bash/copyright	06319d84c3e5ed096036f6a9310a030c7e84e50dff2b8a6792285c83ec0ada73	BSD-4-clause-UC; BSD-4-clause-UC and MIT-like; GFDL-NIV-1.3; GPL-2+; GPL-3+; GPL-3+ with Bison exception; Latex2e; MIT-like; permissive
bsdutils	1:2.41.3-3ubuntu2.2	arm64	install ok installed	util-linux (2.41.3-3ubuntu2.2)	/usr/share/doc/bsdutils/copyright	35a014187eb5d264405a91bda9ec782afdef9df148b657e67b38d07fabba2acf	BSD-2-clause; BSD-3-clause; BSD-4-clause; BSLA; Expat; GPL-2; GPL-2+; GPL-3+; ISC; LGPL; LGPL-2+; LGPL-2.1+; LGPL-3+; public-domain
busybox-static	1:1.37.0-7ubuntu1	arm64	install ok installed	busybox	/usr/share/doc/busybox-static/copyright	336d995e819d3a7a3fdbf3f5041c07094f75ee849acb3bb742b7503d45786329	This package is free software; you can redistribute it and/or modify
ca-certificates	20260601~26.04.1	all	install ok installed	ca-certificates	/usr/share/doc/ca-certificates/copyright	e85e1bcad3a915dc7e6f41412bc5bdeba275cadd817896ea0451f2140a93967c	GPL-2+; MPL-2.0
coreutils	9.5-1ubuntu2+0.0.0~ubuntu25	all	install ok installed	coreutils-from (0.0.0~ubuntu25)	/usr/share/doc/coreutils/copyright	bda8a4de6138582f106953ce1f57cdfee3b880823080d1a5f656d5b9b2ff977c	GPL-3
coreutils-from-uutils	0.0.0~ubuntu25	all	install ok installed	coreutils-from	/usr/share/doc/coreutils-from-uutils/copyright	bda8a4de6138582f106953ce1f57cdfee3b880823080d1a5f656d5b9b2ff977c	GPL-3
curl	8.18.0-1ubuntu2.4	arm64	install ok installed	curl	/usr/share/doc/curl/copyright	b36986270d288caa9f7c44876802de7a491139f3903dcb6356707ece08e1df4a	BSD-4-Clause-UC; FSFUL; FSFUL or curl; FSFULLR; FSFULLR or GPL-2+ with Libtool exception; GPL-2+ with Autoconf-data exception; GPL-2+ with Libtool exception; GPL-3+ with Autoconf-data exception; ISC; OLDAP-2.8; X11; curl; curl or ISC
dash	0.5.12-12ubuntu3	arm64	install ok installed	dash	/usr/share/doc/dash/copyright	d98c53f281321baad38164aa9ae6e368a9253be6ec51bd26a759b5e72b326f4a	BSD-3-Clause; BSD-3-clause; GPL-2+; public-domain
dbus	1.16.2-2ubuntu4	arm64	install ok installed	dbus	/usr/share/doc/dbus/copyright	f5fd0bfcceb21f4c23a517368abcbfe8a4c1cfb3b521757b50fae4898840fe35	AFL-2.1; BSD-3-clause; BSD-3-clause and BSD-3-clause-generic; BSD-3-clause-generic; Expat; GPL-2+; GPL-2+ or AFL-2.1, and Expat and Tcl-BSDish; LGPL-2.1+; Tcl-BSDish; g10-permissive
dbus-bin	1.16.2-2ubuntu4	arm64	install ok installed	dbus	/usr/share/doc/dbus-bin/copyright	f5fd0bfcceb21f4c23a517368abcbfe8a4c1cfb3b521757b50fae4898840fe35	AFL-2.1; BSD-3-clause; BSD-3-clause and BSD-3-clause-generic; BSD-3-clause-generic; Expat; GPL-2+; GPL-2+ or AFL-2.1, and Expat and Tcl-BSDish; LGPL-2.1+; Tcl-BSDish; g10-permissive
dbus-daemon	1.16.2-2ubuntu4	arm64	install ok installed	dbus	/usr/share/doc/dbus-daemon/copyright	f5fd0bfcceb21f4c23a517368abcbfe8a4c1cfb3b521757b50fae4898840fe35	AFL-2.1; BSD-3-clause; BSD-3-clause and BSD-3-clause-generic; BSD-3-clause-generic; Expat; GPL-2+; GPL-2+ or AFL-2.1, and Expat and Tcl-BSDish; LGPL-2.1+; Tcl-BSDish; g10-permissive
dbus-session-bus-common	1.16.2-2ubuntu4	all	install ok installed	dbus	/usr/share/doc/dbus-session-bus-common/copyright	f5fd0bfcceb21f4c23a517368abcbfe8a4c1cfb3b521757b50fae4898840fe35	AFL-2.1; BSD-3-clause; BSD-3-clause and BSD-3-clause-generic; BSD-3-clause-generic; Expat; GPL-2+; GPL-2+ or AFL-2.1, and Expat and Tcl-BSDish; LGPL-2.1+; Tcl-BSDish; g10-permissive
dbus-system-bus-common	1.16.2-2ubuntu4	all	install ok installed	dbus	/usr/share/doc/dbus-system-bus-common/copyright	f5fd0bfcceb21f4c23a517368abcbfe8a4c1cfb3b521757b50fae4898840fe35	AFL-2.1; BSD-3-clause; BSD-3-clause and BSD-3-clause-generic; BSD-3-clause-generic; Expat; GPL-2+; GPL-2+ or AFL-2.1, and Expat and Tcl-BSDish; LGPL-2.1+; Tcl-BSDish; g10-permissive
debconf	1.5.92	all	install ok installed	debconf	/usr/share/doc/debconf/copyright	57163c71bd8a5289660892827dd0dfaa7fef47f89deedc9dc6711ced7d0a28d7	BSD-2-clause
debianutils	5.23.2build1	arm64	install ok installed	debianutils	/usr/share/doc/debianutils/copyright	aeb68ea374f488431b8963df24f05482692edfa70d7556d7e528dd06d255461c	GPL-2+; SMAIL-GPL; public-domain
diffutils	1:3.12-1	arm64	install ok installed	diffutils	/usr/share/doc/diffutils/copyright	dba88652aceff215efc49587da50230ed1efd9719fbcdb3550de4827a3be0abc	FSFAP; FSFULLR; GFDL-NIV-1.3; GPL-2+; GPL-3+; GPL-3+ and FSFULLR; GPL-3+ with autoconf exception; GPL-3+ with texinfo exception; LGPL-2.0+; LGPL-2.1+; LGPL-3.0+; LGPL-3.0+ or GPL-2+; X11; public-domain
dpkg	1.23.7ubuntu1	arm64	install ok installed	dpkg	/usr/share/doc/dpkg/copyright	3376ec6f7bebf6b1e55da9d5dc591c73e752b45dccb0488e8365d2cf216a1746	GPL-2+; public-domain-s-s-d
e2fsprogs	1.47.2-3ubuntu4	arm64	install ok installed	e2fsprogs	/usr/share/doc/e2fsprogs/copyright	2041b5febdc110151ca3372d01b16b85dda1888e33f3f60fce0f59940eed7d19	0BSD; Apache-2; BSD-3-Clause; BSD-3-Clause-Variant; BSD-4-Clause-CMU; Expat; GPL or MIT-US-export; GPL-2; GPL-2+; GPL-2+ with Texinfo exception; ISC; Kazlib; LGPL-2; Latex2e
ethtool	1:6.19-1	arm64	install ok installed	ethtool	/usr/share/doc/ethtool/copyright	9a9323add65a82bd3b493dc664c0423bbe5eff864ac6c6c8a67d238f93d8484f	GPL-2; GPL-3+ with autoconf exception
file	1:5.46-5build2	arm64	install ok installed	file	/usr/share/doc/file/copyright	6d62c7146de297f172d68e3c4ad4c0d4c995a3b888ccfe5957bf5c9a39d47c6b	BSD-2-Clause-alike; BSD-2-Clause-netbsd; BSD-2-Clause-regents; MIT-Old-Style-with-legal-disclaimer-2; public-domain
findutils	4.10.0-3build2	arm64	install ok installed	findutils	/usr/share/doc/findutils/copyright	f51541fbdfe15c01cd3fd3a06ad3b74478902d36a958d95b1756434979d97ed5	BSD-3-clause; BSD-3-clause or GPL-3+; BSD-3-clause or LGPL-2.1+; BSD-3-clause or LGPL-3+; FSFAP; FSFULLR; FSFULLR or GPL or LGPL; GFDL-NIV-1.3+; GFDL-NIV-1.3+ or GFDL-NIV-1.3+; GPL; GPL with automake exception; GPL-2+; GPL-2+ with Autoconf-data exception; GPL-3+; GPL-3+ with Autoconf-data exception; GPL-3+ with Bison-2.2 exception; ISC; ISC or LGPL-2.1+; LGPL; LGPL-2+; LGPL-2.1+; LGPL-3; LGPL-3+; X11; public-domain
gcc-16-base	16-20260322-1ubuntu1	arm64	install ok installed	gcc-16	/usr/share/doc/gcc-16-base/copyright	d7815dd2364180835891947d96d808878204dea45b8597602a7952332195fbea	GNU GPL and GCC exceptions; see full text
gnu-coreutils	9.7-3ubuntu2	arm64	install ok installed	coreutils	/usr/share/doc/gnu-coreutils/copyright	3a63d4b11a7ba4c1c17175072ea28e07b0f80c7bc1ca042b27431fe65a14755b	BSD-4-clause-UC; FSFULLR; GFDL-NIV-1.3; GPL-3+; GPL-3+ and BSD-4-clause-UC; GPL-3+ and ISC; ISC
gpgv	2.4.8-4ubuntu3	arm64	install ok installed	gnupg2	/usr/share/doc/gpgv/copyright	c19276de1952e4d3926c293ac598065e2abcb5b9543600cf941d53fb3c6e41a8	BSD-3-clause; CC0-1.0; Expat; GPL-2+; GPL-3+; GPL-3+ or BSD-3-clause; LGPL-2.1+; LGPL-3+; LGPL-3+ or GPL-2+; RFC-Reference; TinySCHEME; permissive
gpiod	2.2.1-3build1	arm64	install ok installed	libgpiod	/usr/share/doc/gpiod/copyright	996d86f0d9791cb169ed457e30192a07dc2fd8dadc87d74ba95b4ed08b1444c0	Apache-2.0; Apache-2.0 or BSD-3-clause; BSD-3-clause; CC-BY-SA-4.0; CC0-1.0; GPL-2+; GPL-2+ with Autoconf exception; GPL-2+ with Libtool exception; GPL-3+ with Autoconf exception; LGPL-2.1+; MIT-X-Consortium
grep	3.12-1	arm64	install ok installed	grep	/usr/share/doc/grep/copyright	2feec851673d8afaee499c87b088a6f26266c951fe0983dd25590a130be3b2b6	BSD-3-clause; BSD-3-clause or GPL-3+; FSFAP; FSFAP or GFDL-1.3+; FSFUL; FSFULLR; FSFULLR and/or GPL and/or LGPL; GFDL-1.3+; GPL; GPL-2+; GPL-3+; ISC; ISC or LGPL-2.1+; LGPL; LGPL-2+; LGPL-2.1+; LGPL-3+; X11; public-domain
gzip	1.14-1~exp2ubuntu1.1	arm64	install ok installed	gzip	/usr/share/doc/gzip/copyright	8a1937212438c59ffd7f6a1526127f47f8a3fe7e527749b8565ad0b26d819d55	FSF-manpages; GFDL-1.3+-no-invariant; GPL-3+
hostname	3.25build1	arm64	install ok installed	hostname	/usr/share/doc/hostname/copyright	94189fc5a9a7b7224d96e1a0cfdfe9be0df2018b04bf21d591627ab96b30cad1	GPL-2
init-system-helpers	1.69	all	install ok installed	init-system-helpers	/usr/share/doc/init-system-helpers/copyright	7534601cc4fa513804d16490359f5831e7b6a1212da3bbf948bebdd4c8799783	BSD-3-clause; GPL-2+
iproute2	6.19.0-1ubuntu1.1	arm64	install ok installed	iproute2	/usr/share/doc/iproute2/copyright	410c5afd7ebf2a8c7765dd9951a653b5e80cac798b62f8f589ef60753cf2d23e	GPL-2
iputils-ping	3:20250605-1ubuntu1	arm64	install ok installed	iputils	/usr/share/doc/iputils-ping/copyright	7b81610874d5b35eead7bf8bd1267d2210ac1c6078ac78561309f8fe9f6d7050	BSD-3-clause; GPL-2+; public-domain
kmod	34.2-2ubuntu2	arm64	install ok installed	kmod	/usr/share/doc/kmod/copyright	86ed604b818ec1e47ad0e364b6261b8a11e2544af6f833c625dcf2311c1c8f13	GPL-2+; LGPL-2.1+
kvmd-video	4.213-1blikvm1	arm64	deinstall ok config-files	pikvm/kvmd	/usr/share/doc/kvmd-video/copyright	8ceb4b9ee5adedde47b31e975c1d90c73ad27b6b165a1dcd80c7c545eb65b903	GNU GPL version 3 text; see upstream file notices
kvmd-web	4.213-1blikvm4	arm64	install ok installed	pikvm/kvmd	/usr/share/doc/kvmd-video/copyright	8ceb4b9ee5adedde47b31e975c1d90c73ad27b6b165a1dcd80c7c545eb65b903	GNU GPL version 3 text; see upstream file notices
less	668-1build1	arm64	install ok installed	less	/usr/share/doc/less/copyright	e6ff1fff1cfd66ccd4d9a4179f3f4d945fd5827ad8bb6425dd1a430f9ca308fc	GPL-3+; GPL-3+ or Less; GPL-3+ or Less, and X11; Less; Spencer-86; X11; public-domain
libacl1	2.3.2-2	arm64	install ok installed	acl	/usr/share/doc/libacl1/copyright	9a2dfb4a5abc7e84be2cc41f1089be665519c9409549296f6c19de57ab1d37c2	GPL-2+; LGPL-2+
libapparmor1	5.0.2-0ubuntu1~26.04.1	arm64	install ok installed	apparmor	/usr/share/doc/libapparmor1/copyright	52b7cf37d674ca47296cf6270a95ecda0ecbef976cc090d702acbd741e36b3b4	BSD-3-clause; BSD-3-clause or GPL-2+; GPL-2; GPL-2+; LGPL-2.1+
libapt-pkg7.0	3.2.0	arm64	install ok installed	apt	/usr/share/doc/libapt-pkg7.0/copyright	5c7835bd455fdea5183f41980f75269c802ce161b4a136a079f4666603bccc2c	BSD-3-clause; Expat; GPL-2; GPL-2+; GPL-2+ and curl; curl
libatomic1	16-20260322-1ubuntu1	arm64	install ok installed	gcc-16	/usr/share/doc/libatomic1/copyright	d7815dd2364180835891947d96d808878204dea45b8597602a7952332195fbea	GNU GPL and GCC exceptions; see full text
libattr1	1:2.5.2-4	arm64	install ok installed	attr	/usr/share/doc/libattr1/copyright	0cbec745d85ea775450b2d54fac55277197f429e52d611f72852ed420450620e	GPL-2+; LGPL-2+
libaudit-common	1:4.1.2-1build1	all	install ok installed	audit	/usr/share/doc/libaudit-common/copyright	e8e11f2a66d0eb0f32d684c6e7c1b6c59381901e981d9a9d51eef225fef4cf1b	GPL-2; LGPL-2.1
libaudit1	1:4.1.2-1build1	arm64	install ok installed	audit	/usr/share/doc/libaudit1/copyright	e8e11f2a66d0eb0f32d684c6e7c1b6c59381901e981d9a9d51eef225fef4cf1b	GPL-2; LGPL-2.1
libblkid1	2.41.3-3ubuntu2.2	arm64	install ok installed	util-linux	/usr/share/doc/libblkid1/copyright	35a014187eb5d264405a91bda9ec782afdef9df148b657e67b38d07fabba2acf	BSD-2-clause; BSD-3-clause; BSD-4-clause; BSLA; Expat; GPL-2; GPL-2+; GPL-3+; ISC; LGPL; LGPL-2+; LGPL-2.1+; LGPL-3+; public-domain
libbpf1	1:1.6.3-1ubuntu1	arm64	install ok installed	libbpf (1.6.3-1ubuntu1)	/usr/share/doc/libbpf1/copyright	1edec0e075fc805472cf7843077cf0a64dc89d4a54a1b33e9ac95ba079da0705	BSD-2-Clause; BSD-3-Clause; GPL-2 with Linux-syscall-note exception; GPL-2 with Linux-syscall-note exception OR BSD-3-Clause; GPL-2+; GPL-2.0; LGPL-2.1; LGPL-2.1 or BSD-2-Clause
libbrotli1	1.2.0-3build1	arm64	install ok installed	brotli	/usr/share/doc/libbrotli1/copyright	24a64e5bb83d0960d1835696a1e23c0896ad6055b0ca47c66ab0eb9a766324b1	MIT
libbsd0	0.12.2-2build2	arm64	install ok installed	libbsd	/usr/share/doc/libbsd0/copyright	47eaa031b1741a33a93e7cc8909bfe153acaec7ddff12e4dc7377d0e2ec10e91	BSD-2-clause; BSD-2-clause-NetBSD; BSD-2-clause-author; BSD-2-clause-verbatim; BSD-3-clause; BSD-3-clause-John-Birrell; BSD-3-clause-Regents; BSD-3-clause-Regents and BSD-2-clause-NetBSD; BSD-3-clause-author; BSD-5-clause-Peter-Wemm; Beerware; Expat; ISC; ISC-Original; public-domain
libbz2-1.0	1.0.8-6build2	arm64	install ok installed	bzip2	/usr/share/doc/libbz2-1.0/copyright	832ed535ff3c3d025a8d2348eb1b697b89addcf2eaadbc17650262040b9145e2	BSD-variant; GPL-2
libc-bin	2.43-2ubuntu2.3	arm64	install ok installed	glibc	/usr/share/doc/libc-bin/copyright	c31d10900fdb95d1889005145a2205bb75e3bc018d3ec8265b81364901748e09	BSD-2-clause; BSD-2-clause or GPL-2; BSD-3-clause-Berkeley; BSD-3-clause-Berkeley and BSD-3-clause-WIDE; BSD-3-clause-Berkeley and DEC; BSD-3-clause-Berkeley and DEC and IBM and ISC; BSD-3-clause-Berkeley and DEC and ISC; BSD-3-clause-Berkeley and DEC and ISC and LGPL-2.1+; BSD-3-clause-Berkeley and DEC and LGPL-2.1+; BSD-3-clause-Berkeley and ISC; BSD-3-clause-Berkeley and LGPL-2.1+; BSD-3-clause-Berkeley and LGPL-2.1+ and Univ-Coimbra; BSD-3-clause-Carnegie; BSD-3-clause-Oracle; BSD-3-clause-WIDE; BSD-like-Spencer; BSL-1.0; CORE-MATH; Carnegie; Carnegie and LGPL-2.1+; DEC; FSFAP; GFDL-1.3; GPL-2; GPL-2+; GPL-2+-with-link-exception; GPL-3+; IBM; IBM and ISC; ISC; ISC and LGPL-2.1+; Inner-Net; Inner-Net and LGPL-2.1+; LGPL-2+; LGPL-2.1+; LGPL-2.1+ and GPL-2; LGPL-2.1+ and SunPro; LGPL-2.1+-with-link-exception; LGPL-3+; MIT-like-Lord; PCRE; SunPro; Unicode-DFS-2016; Univ-Coimbra; public-domain
libc-gconv-modules-extra	2.43-2ubuntu2.3	arm64	install ok installed	glibc	/usr/share/doc/libc-gconv-modules-extra/copyright	c31d10900fdb95d1889005145a2205bb75e3bc018d3ec8265b81364901748e09	BSD-2-clause; BSD-2-clause or GPL-2; BSD-3-clause-Berkeley; BSD-3-clause-Berkeley and BSD-3-clause-WIDE; BSD-3-clause-Berkeley and DEC; BSD-3-clause-Berkeley and DEC and IBM and ISC; BSD-3-clause-Berkeley and DEC and ISC; BSD-3-clause-Berkeley and DEC and ISC and LGPL-2.1+; BSD-3-clause-Berkeley and DEC and LGPL-2.1+; BSD-3-clause-Berkeley and ISC; BSD-3-clause-Berkeley and LGPL-2.1+; BSD-3-clause-Berkeley and LGPL-2.1+ and Univ-Coimbra; BSD-3-clause-Carnegie; BSD-3-clause-Oracle; BSD-3-clause-WIDE; BSD-like-Spencer; BSL-1.0; CORE-MATH; Carnegie; Carnegie and LGPL-2.1+; DEC; FSFAP; GFDL-1.3; GPL-2; GPL-2+; GPL-2+-with-link-exception; GPL-3+; IBM; IBM and ISC; ISC; ISC and LGPL-2.1+; Inner-Net; Inner-Net and LGPL-2.1+; LGPL-2+; LGPL-2.1+; LGPL-2.1+ and GPL-2; LGPL-2.1+ and SunPro; LGPL-2.1+-with-link-exception; LGPL-3+; MIT-like-Lord; PCRE; SunPro; Unicode-DFS-2016; Univ-Coimbra; public-domain
libc6	2.43-2ubuntu2.3	arm64	install ok installed	glibc	/usr/share/doc/libc6/copyright	c31d10900fdb95d1889005145a2205bb75e3bc018d3ec8265b81364901748e09	BSD-2-clause; BSD-2-clause or GPL-2; BSD-3-clause-Berkeley; BSD-3-clause-Berkeley and BSD-3-clause-WIDE; BSD-3-clause-Berkeley and DEC; BSD-3-clause-Berkeley and DEC and IBM and ISC; BSD-3-clause-Berkeley and DEC and ISC; BSD-3-clause-Berkeley and DEC and ISC and LGPL-2.1+; BSD-3-clause-Berkeley and DEC and LGPL-2.1+; BSD-3-clause-Berkeley and ISC; BSD-3-clause-Berkeley and LGPL-2.1+; BSD-3-clause-Berkeley and LGPL-2.1+ and Univ-Coimbra; BSD-3-clause-Carnegie; BSD-3-clause-Oracle; BSD-3-clause-WIDE; BSD-like-Spencer; BSL-1.0; CORE-MATH; Carnegie; Carnegie and LGPL-2.1+; DEC; FSFAP; GFDL-1.3; GPL-2; GPL-2+; GPL-2+-with-link-exception; GPL-3+; IBM; IBM and ISC; ISC; ISC and LGPL-2.1+; Inner-Net; Inner-Net and LGPL-2.1+; LGPL-2+; LGPL-2.1+; LGPL-2.1+ and GPL-2; LGPL-2.1+ and SunPro; LGPL-2.1+-with-link-exception; LGPL-3+; MIT-like-Lord; PCRE; SunPro; Unicode-DFS-2016; Univ-Coimbra; public-domain
libcap-ng0	0.8.5-4build5	arm64	install ok installed	libcap-ng	/usr/share/doc/libcap-ng0/copyright	567997de097e3738564c90e6fe13343b2daae21a7926d6fb161df41322c1840b	GPL-2+; GPL-3; LGPL-2.1+
libcap2	1:2.75-10ubuntu2	arm64	install ok installed	libcap2	/usr/share/doc/libcap2/copyright	04f9fb974e10f6ca0cd226811f72b3855f8383daad0e5de7adac8d5b0b7796c3	BSD-3-clause; BSD-3-clause or GPL-2; BSD-3-clause or GPL-2+; GPL-2; GPL-2+
libcap2-bin	1:2.75-10ubuntu2	arm64	install ok installed	libcap2	/usr/share/doc/libcap2-bin/copyright	04f9fb974e10f6ca0cd226811f72b3855f8383daad0e5de7adac8d5b0b7796c3	BSD-3-clause; BSD-3-clause or GPL-2; BSD-3-clause or GPL-2+; GPL-2; GPL-2+
libcbor0.10	0.10.2-2ubuntu3	arm64	install ok installed	libcbor	/usr/share/doc/libcbor0.10/copyright	1745c3131e3594b3dab29db61e65b9efa0d654cbf2e4bad9f6b446caeb454b8f	Expat
libcom-err2	1.47.2-3ubuntu4	arm64	install ok installed	e2fsprogs	/usr/share/doc/libcom-err2/copyright	2041b5febdc110151ca3372d01b16b85dda1888e33f3f60fce0f59940eed7d19	0BSD; Apache-2; BSD-3-Clause; BSD-3-Clause-Variant; BSD-4-Clause-CMU; Expat; GPL or MIT-US-export; GPL-2; GPL-2+; GPL-2+ with Texinfo exception; ISC; Kazlib; LGPL-2; Latex2e
libcrypt1	1:4.5.1-1	arm64	install ok installed	libxcrypt	/usr/share/doc/libcrypt1/copyright	4d740da7ee838a890f134cf6d0ea85319e75a0b7fbc5728b986931028d69d3a4	LGPL-2.1-or-later and file-specific terms; see full text
libcurl4t64	8.18.0-1ubuntu2.4	arm64	install ok installed	curl	/usr/share/doc/libcurl4t64/copyright	b36986270d288caa9f7c44876802de7a491139f3903dcb6356707ece08e1df4a	BSD-4-Clause-UC; FSFUL; FSFUL or curl; FSFULLR; FSFULLR or GPL-2+ with Libtool exception; GPL-2+ with Autoconf-data exception; GPL-2+ with Libtool exception; GPL-3+ with Autoconf-data exception; ISC; OLDAP-2.8; X11; curl; curl or ISC
libdb5.3t64	5.3.28+dfsg2-10ubuntu1	arm64	install ok installed	db5.3	/usr/share/doc/libdb5.3t64/copyright	8b53da37d73289d9df7317b3a2dbe16491f1fa9fec8b77b86d69704b40ce2c26	Artistic or BSD-3-clause; BSD-3-clause; BSD-3-clause-fjord; GPL; GPL or Artistic; GPL-3; MIT-old; Ms-PL; Sleepycat; Sleepycat and BSD-3-clause; TCL-like; X11; zlib
libdbus-1-3	1.16.2-2ubuntu4	arm64	install ok installed	dbus	/usr/share/doc/libdbus-1-3/copyright	f5fd0bfcceb21f4c23a517368abcbfe8a4c1cfb3b521757b50fae4898840fe35	AFL-2.1; BSD-3-clause; BSD-3-clause and BSD-3-clause-generic; BSD-3-clause-generic; Expat; GPL-2+; GPL-2+ or AFL-2.1, and Expat and Tcl-BSDish; LGPL-2.1+; Tcl-BSDish; g10-permissive
libdebconfclient0	0.280ubuntu1	arm64	install ok installed	cdebconf	/usr/share/doc/libdebconfclient0/copyright	cf63099896d1c0f6529c41b8d95738e6fea342ffba609187d339c4f38ce36ecc	BSD-2-Clause; BSD-2-clause; GPL-2+
libdeflate0	1.23-2ubuntu1	arm64	install ok installed	libdeflate	/usr/share/doc/libdeflate0/copyright	b08d3438a0eadaee3103fba087a3e0f639506388ed71e7e2dfbb3e3484e9742c	Expat
libedit2	3.1-20251016-1	arm64	install ok installed	libedit	/usr/share/doc/libedit2/copyright	2b53671050f6319be6fcdcafa434e8ccb8af629359b4afc83185867204f3927d	BSD-3-clause
libelf1t64	0.194-4	arm64	install ok installed	elfutils	/usr/share/doc/libelf1t64/copyright	2409860c86675ab33f8ad22480608faf849cbc2559d6478f708c23c508a1dbf2	GFDL-NIV-1.3; GPL-3+; GPL-3+ with Bison exception; LGPL-2.1+; LGPL-3+ or GPL-2+
libevent-2.1-7t64	2.1.12-stable-10ubuntu0.1	arm64	install ok installed	libevent	/usr/share/doc/libevent-2.1-7t64/copyright	556ae8c838b8ee27780b2d494d6d1f47b36f02d4a4efcde107a0fbeabbc1e3f3	BSD-2-clause; BSD-3-clause; BSL; Expat; FSFUL; FSFULLR; FSFULLR-No-Warranty; GPL-2+; GPL-3+; ISC; curl
libevent-core-2.1-7t64	2.1.12-stable-10ubuntu0.1	arm64	install ok installed	libevent	/usr/share/doc/libevent-core-2.1-7t64/copyright	556ae8c838b8ee27780b2d494d6d1f47b36f02d4a4efcde107a0fbeabbc1e3f3	BSD-2-clause; BSD-3-clause; BSL; Expat; FSFUL; FSFULLR; FSFULLR-No-Warranty; GPL-2+; GPL-3+; ISC; curl
libevent-pthreads-2.1-7t64	2.1.12-stable-10ubuntu0.1	arm64	install ok installed	libevent	/usr/share/doc/libevent-pthreads-2.1-7t64/copyright	556ae8c838b8ee27780b2d494d6d1f47b36f02d4a4efcde107a0fbeabbc1e3f3	BSD-2-clause; BSD-3-clause; BSL; Expat; FSFUL; FSFULLR; FSFULLR-No-Warranty; GPL-2+; GPL-3+; ISC; curl
libexpat1	2.7.4-1	arm64	install ok installed	expat	/usr/share/doc/libexpat1/copyright	60919fe1a156395ff14511bb6ff79756c50ade2fff59ac60c9bae1d8a7fe6292	MIT
libext2fs2t64	1.47.2-3ubuntu4	arm64	install ok installed	e2fsprogs	/usr/share/doc/libext2fs2t64/copyright	2041b5febdc110151ca3372d01b16b85dda1888e33f3f60fce0f59940eed7d19	0BSD; Apache-2; BSD-3-Clause; BSD-3-Clause-Variant; BSD-4-Clause-CMU; Expat; GPL or MIT-US-export; GPL-2; GPL-2+; GPL-2+ with Texinfo exception; ISC; Kazlib; LGPL-2; Latex2e
libffi8	3.5.2-4	arm64	install ok installed	libffi	/usr/share/doc/libffi8/copyright	25ee86cfccc2b7eb9a156a127f1e1b38c46c231f516ff201912223eaf62ee186	Expat; GPL; GPL-2+; GPL-3+; MPL-1.1 or GPL-2+ or LGPL-2.1+; X11; public-domain
libfido2-1	1.16.0-2build1	arm64	install ok installed	libfido2	/usr/share/doc/libfido2-1/copyright	c05201a77c4ac0cab4b8abd8daded4dbaeb460b393d44fed45da7fd4e5ad8652	BSD-2-clause; ISC; ISC and BSD-2-clause; public-domain
libfreetype6	2.14.2+dfsg-1ubuntu0.1	arm64	install ok installed	freetype	/usr/share/doc/libfreetype6/copyright	8951319d2cbc54c13f091eaedff603f717026e5bf7788902ccd635a094d7a561	BSD-3-Clause; BSL-1.0; Expat; FSFAP; FTL; FTL and Expat; GPL-2+; GPL-3+; MIT-Modern-Variant; MIT-SMC; OpenGroup-MIT; Public-Domain; Zlib
libfribidi0	1.0.16-5	arm64	install ok installed	fribidi	/usr/share/doc/libfribidi0/copyright	200d598cca867f58739101cce4dba4bb6083f1489b37784daee7dea88bd441d2	LGPL-2.1+
libgcc-s1	16-20260322-1ubuntu1	arm64	install ok installed	gcc-16	/usr/share/doc/libgcc-s1/copyright	d7815dd2364180835891947d96d808878204dea45b8597602a7952332195fbea	GNU GPL and GCC exceptions; see full text
libgcrypt20	1.12.0-2ubuntu1	arm64	install ok installed	libgcrypt20	/usr/share/doc/libgcrypt20/copyright	7d0898872a373d51cf511aaa99671f47c5b76594b9cb5019e1684da90da8345f	Most of the package is licensed under the GNU Lesser General Public
libglib2.0-0t64	2.88.0-1	arm64	install ok installed	glib2.0	/usr/share/doc/libglib2.0-0t64/copyright	498035c1e93c9d12306f4ba8f37686c2a527657f8b17969ec6d11c1af87e543d	AFL-2.0; AFL-2.0 or LGPL-2.1+; Apache-2.0 with LLVM exception; CC-BY-SA-3.0; CC0-1.0; CC0-1.0 or Mingw-PD; Expat; FSFULLR; GPL-2+; Iconv-PD; Janik-permissive; Janik-permissive and old-glib-tests; Kuchling-PD; LGPL-2+; LGPL-2.1+; LGPL-2.1+ and Kuchling-PD and Plumb-PD; LGPL-3+; Mingw-PD; Plumb-PD; Unicode-DFS-2016; bzip2-1.0.6; cmph; old-glib-tests
libgmp10	2:6.3.0+dfsg-5ubuntu2	arm64	install ok installed	gmp	/usr/share/doc/libgmp10/copyright	7d366aef5ba325150246de1d7820c4c9926cd27ca61a69948492b26cd3b61601	GPL-2+; GPL-2+ or LGPL-3+; GPL-3+; GPL-3+ with Bison exception; LGPL-3+
libgnutls30t64	3.8.12-2ubuntu1.1	arm64	install ok installed	gnutls28	/usr/share/doc/libgnutls30t64/copyright	b32655aad8bb1530de36933f8702af1e669fabb9bf3e712c533803c7092d77da	# Licensed under the Apache License, Version 2.0 (the "License");; * Redistribution and use in source and binary forms, with or without; Apache-2.0; BSD-3-Clause; CC0 license; Expat; FSFAP; GPLv3+; LGPLv2.1+; LGPLv3+_or_GPLv2+; MIT OR Unlicense; Public domain.; The main library is licensed under GNU Lesser; based on Russian standard GOST 28147-89
libgpg-error0	1.58-2	arm64	install ok installed	libgpg-error	/usr/share/doc/libgpg-error0/copyright	20611cb3c317c3665591d6d7aa9ee29b70f89d98044e2796074cae18f806f2ae	BSD-3-clause; GPL-3+; LGPL-2.1+; LGPL-2.1+ or BSD-3-clause; g10-permissive
libgpiod3	2.2.1-3build1	arm64	install ok installed	libgpiod	/usr/share/doc/libgpiod3/copyright	996d86f0d9791cb169ed457e30192a07dc2fd8dadc87d74ba95b4ed08b1444c0	Apache-2.0; Apache-2.0 or BSD-3-clause; BSD-3-clause; CC-BY-SA-4.0; CC0-1.0; GPL-2+; GPL-2+ with Autoconf exception; GPL-2+ with Libtool exception; GPL-3+ with Autoconf exception; LGPL-2.1+; MIT-X-Consortium
libgraphite2-3	1.3.14-11ubuntu1.1	arm64	install ok installed	graphite2	/usr/share/doc/libgraphite2-3/copyright	a33017ba0308c41bdbde4751bff349ab7b26af45fadbb1e3e7ac67c372985572	Artistic; Artistic or GPL-1+; GPL-1+; GPL-2+; LGPL-2.1+; LGPL-2.1+ or GPL-2+ or MPL-1.1; LGPL-2.1+ or MPL-1.1 or GPL-2+; MPL-1.1; custom-sil-open-font-license; public-domain
libgssapi-krb5-2	1.22.1-2ubuntu4.1	arm64	install ok installed	krb5	/usr/share/doc/libgssapi-krb5-2/copyright	936728f4181718f42951b881c1e8f1386bf6b2723c4fbc533c374d6f42c71816	MIT Kerberos and component terms; see full text
libharfbuzz0b	12.3.2-2	arm64	install ok installed	harfbuzz	/usr/share/doc/libharfbuzz0b/copyright	407e84e766824b0b8ee7e06da15dbf50e924f4adeec1e4748247a07b3dbc3208	Apache-2.0; CC0-1.0; GPL-2+ with Font exception; GPL-3+; ISC; MIT; Monotype; OFL-1.1; UFL-1.0; Unicode
libhogweed6t64	3.10.2-1	arm64	install ok installed	nettle	/usr/share/doc/libhogweed6t64/copyright	344396197142cd506468b20029ea5722d507c980129bb3db4af02424ed6f39c6	Expat; GAP; GPL-2; GPL-2+; GPL-3+ with Autoconf exception; LGPL-2+; LGPL-3+; LGPL-3+ or GPL-2+; public-domain
libidn2-0	2.3.8-4build1	arm64	install ok installed	libidn2	/usr/share/doc/libidn2-0/copyright	a63ceb8fab281177da9a27403f0be7ae69aa6f33bf6f63c455ecc587ca131268	Expat; FSFAP; GPL-2+; GPL-3+; LGPL-2.1+; LGPL-3+; LGPL-3+ or GPL-2+; Unicode
libimagequant0	4.4.1-1	arm64	install ok installed	libimagequant	/usr/share/doc/libimagequant0/copyright	ac0ce42e3bd4d44912b28b072d5d4670f5185c6eefefbbd1560c9e787ebb21d1	CC0; GPL-3.0+
libjansson4	2.14-2build4	arm64	install ok installed	jansson	/usr/share/doc/libjansson4/copyright	29347e2528ab31d20e8582b09aa89cd878d306c59a273541141c9aede1903cb8	Expat
libjbig0	2.1-6.1ubuntu3	arm64	install ok installed	jbigkit	/usr/share/doc/libjbig0/copyright	89ab20c324a191652e94598f2144a65442faed4f14f77bbd10516130ee20f05a	GPL-2+
libjpeg-turbo8	2.1.5-4ubuntu4	arm64	install ok installed	libjpeg-turbo	/usr/share/doc/libjpeg-turbo8/copyright	3821184e23385bf2cdc01f56bd999b34036fc3aa03d5135d41680374eb81bf8a	BSD-3-clause; BSD-BY-LC-NE; Expat; NTP; Zlib; zlib
libjpeg8	8c-2ubuntu12	arm64	install ok installed	libjpeg8-empty	/usr/share/doc/libjpeg8/copyright	2120036d2302821582cf29a90de0cc390f96bdb4545d2c7f700d023030f46200	LGPL-2.1
libjs-sphinxdoc	8.2.3-12	all	install ok installed	sphinx	/usr/share/doc/libjs-sphinxdoc/copyright	8bf22fa181822355e018bcce59270d8141bd9b22dc730965f6ffb8ffe888b6e9	BSD-2-clause; BSD-3-clause; Expat; Expat and BSD-2-clause
libjson-c5	0.18+ds-3	arm64	install ok installed	json-c	/usr/share/doc/libjson-c5/copyright	95f676ac96c7f4771bba4f17a11bddca699f7cba8317dd099cfd5600a81aa848	Expat
libk5crypto3	1.22.1-2ubuntu4.1	arm64	install ok installed	krb5	/usr/share/doc/libk5crypto3/copyright	936728f4181718f42951b881c1e8f1386bf6b2723c4fbc533c374d6f42c71816	MIT Kerberos and component terms; see full text
libkeyutils1	1.6.3-6ubuntu3	arm64	install ok installed	keyutils	/usr/share/doc/libkeyutils1/copyright	73f5682b0466f41cea2b9b7f1ff8a8052464f6c09fb29eeac4490512af09bd50	GPL-2+; LGPL-2+
libkmod2	34.2-2ubuntu2	arm64	install ok installed	kmod	/usr/share/doc/libkmod2/copyright	86ed604b818ec1e47ad0e364b6261b8a11e2544af6f833c625dcf2311c1c8f13	GPL-2+; LGPL-2.1+
libkrb5-3	1.22.1-2ubuntu4.1	arm64	install ok installed	krb5	/usr/share/doc/libkrb5-3/copyright	936728f4181718f42951b881c1e8f1386bf6b2723c4fbc533c374d6f42c71816	MIT Kerberos and component terms; see full text
libkrb5support0	1.22.1-2ubuntu4.1	arm64	install ok installed	krb5	/usr/share/doc/libkrb5support0/copyright	936728f4181718f42951b881c1e8f1386bf6b2723c4fbc533c374d6f42c71816	MIT Kerberos and component terms; see full text
liblcms2-2	2.17-1ubuntu0.2	arm64	install ok installed	lcms2	/usr/share/doc/liblcms2-2/copyright	420fd2c72204652c08a48548a0d1002edab3d9b180d3c416578c61f74092f460	GPL-2+; GPL-3; IJG; MIT
libldap-common	2.6.10+dfsg-1ubuntu5	all	install ok installed	openldap	/usr/share/doc/libldap-common/copyright	2656a8ac4f2fda614be8fe6fd7f649665a6ca3abcf19f6ac125e2ff165b60939	BSD-3-clause; BSD-3-clause-California; BSD-3-clause-variant; BSD-4-clause-California; Beerware; Expat; Expat-ISC; Expat-UNM; F5; FSF-unlimited; FSF-unlimited and GPL-2+ with Autoconf exception; FSF-unlimited and GPL-2+ with Libtool exception; FSF-unlimited and OpenLDAP-2.8; GPL-2+; GPL-2+ with Autoconf exception; GPL-2+ with Libtool exception; GPL-2+ with Libtool exception and GPL-3+ with Libtool exception and GPL-3+; GPL-3+; GPL-3+ with Autoconf exception; GPL-3+ with Libtool exception; JCG; MIT-XC; NeoSoft-permissive; OpenLDAP-2.8; OpenLDAP-2.8 and BSD-3-clause; OpenLDAP-2.8 and BSD-3-clause-variant; OpenLDAP-2.8 and BSD-4-clause-California; OpenLDAP-2.8 and Beerware; OpenLDAP-2.8 and Expat; OpenLDAP-2.8 and Expat-ISC; OpenLDAP-2.8 and Expat-UNM; OpenLDAP-2.8 and FSF-unlimited and GPL-2+ with Libtool exception; OpenLDAP-2.8 and JCG and UMich; OpenLDAP-2.8 and UMich; OpenLDAP-2.8 and UMich and F5; UMich; public-domain
libldap2	2.6.10+dfsg-1ubuntu5	arm64	install ok installed	openldap	/usr/share/doc/libldap2/copyright	2656a8ac4f2fda614be8fe6fd7f649665a6ca3abcf19f6ac125e2ff165b60939	BSD-3-clause; BSD-3-clause-California; BSD-3-clause-variant; BSD-4-clause-California; Beerware; Expat; Expat-ISC; Expat-UNM; F5; FSF-unlimited; FSF-unlimited and GPL-2+ with Autoconf exception; FSF-unlimited and GPL-2+ with Libtool exception; FSF-unlimited and OpenLDAP-2.8; GPL-2+; GPL-2+ with Autoconf exception; GPL-2+ with Libtool exception; GPL-2+ with Libtool exception and GPL-3+ with Libtool exception and GPL-3+; GPL-3+; GPL-3+ with Autoconf exception; GPL-3+ with Libtool exception; JCG; MIT-XC; NeoSoft-permissive; OpenLDAP-2.8; OpenLDAP-2.8 and BSD-3-clause; OpenLDAP-2.8 and BSD-3-clause-variant; OpenLDAP-2.8 and BSD-4-clause-California; OpenLDAP-2.8 and Beerware; OpenLDAP-2.8 and Expat; OpenLDAP-2.8 and Expat-ISC; OpenLDAP-2.8 and Expat-UNM; OpenLDAP-2.8 and FSF-unlimited and GPL-2+ with Libtool exception; OpenLDAP-2.8 and JCG and UMich; OpenLDAP-2.8 and UMich; OpenLDAP-2.8 and UMich and F5; UMich; public-domain
liblerc4	4.0.0+ds-5ubuntu2	arm64	install ok installed	lerc	/usr/share/doc/liblerc4/copyright	6e694f6e6063e7b1ffb5f723ce4e696aa015944cf1b4d15e8f3ea7e90417a71d	Apache-2.0
liblz4-1	1.10.0-8	arm64	install ok installed	lz4	/usr/share/doc/liblz4-1/copyright	8dce0cb8c5a4486e4aac00466e4dd4b0b5b28d70efe3b3256ea4594099a8509c	BSD-2-clause; BSD-2-clause or GPL-2+; GPL-2+
liblzma5	5.8.3-1	arm64	install ok installed	xz-utils	/usr/share/doc/liblzma5/copyright	a9c3f6e1bf373b54e29704e31afd99f5405a32cbc7897608b0f15e9d544882d4	0BSD; FSFUL; FSFULLR; GPL-2+; GPL-3.0-or-later-WITH-Autoconf-exception-macro; LGPL-2.1+; PD; PD-debian; none; permissive-nowarranty
libmagic-mgc	1:5.46-5build2	arm64	install ok installed	file	/usr/share/doc/libmagic-mgc/copyright	6d62c7146de297f172d68e3c4ad4c0d4c995a3b888ccfe5957bf5c9a39d47c6b	BSD-2-Clause-alike; BSD-2-Clause-netbsd; BSD-2-Clause-regents; MIT-Old-Style-with-legal-disclaimer-2; public-domain
libmagic1t64	1:5.46-5build2	arm64	install ok installed	file	/usr/share/doc/libmagic1t64/copyright	6d62c7146de297f172d68e3c4ad4c0d4c995a3b888ccfe5957bf5c9a39d47c6b	BSD-2-Clause-alike; BSD-2-Clause-netbsd; BSD-2-Clause-regents; MIT-Old-Style-with-legal-disclaimer-2; public-domain
libmd0	1.1.0-2build4	arm64	install ok installed	libmd	/usr/share/doc/libmd0/copyright	4365ef6255ad553fce69dd4bc0e093472c5d0e41b8ea493a545cc926ce171aa6	BSD-2-clause; BSD-2-clause-NetBSD; BSD-3-clause; BSD-3-clause-Aaron-D-Gifford; Beerware; ISC; public-domain-md4; public-domain-md5; public-domain-sha1
libmnl0	1.0.5-3build1	arm64	install ok installed	libmnl	/usr/share/doc/libmnl0/copyright	9fff1fa73055f485adf40e4e9138f73a9b61bafed5d62e64284503dcaef280da	GPL-2+; LGPL-2.1
libmount1	2.41.3-3ubuntu2.2	arm64	install ok installed	util-linux	/usr/share/doc/libmount1/copyright	35a014187eb5d264405a91bda9ec782afdef9df148b657e67b38d07fabba2acf	BSD-2-clause; BSD-3-clause; BSD-4-clause; BSLA; Expat; GPL-2; GPL-2+; GPL-3+; ISC; LGPL; LGPL-2+; LGPL-2.1+; LGPL-3+; public-domain
libncursesw6	6.6+20251231-1	arm64	install ok installed	ncurses	/usr/share/doc/libncursesw6/copyright	f838d6048fbc59356b7e56c207a7cb32dc6bf4adea95514a002596bde8f6e1e7	BSD-3-clause; MIT/X11; X11
libnettle8t64	3.10.2-1	arm64	install ok installed	nettle	/usr/share/doc/libnettle8t64/copyright	344396197142cd506468b20029ea5722d507c980129bb3db4af02424ed6f39c6	Expat; GAP; GPL-2; GPL-2+; GPL-3+ with Autoconf exception; LGPL-2+; LGPL-3+; LGPL-3+ or GPL-2+; public-domain
libnftables1	1.1.6-1	arm64	install ok installed	nftables	/usr/share/doc/libnftables1/copyright	ede1a9831433483bf9ce57f46af958ff7591799aff8fdff1368a8a4cf2323996	CC-BY-SA-4.0; GPL-2; GPL-2+
libnftnl11	1.3.1-1	arm64	install ok installed	libnftnl	/usr/share/doc/libnftnl11/copyright	04504e56793a5499dbb92a072196d2c4f6cc70e8514747543df19774e46bcc6c	GPL-2; GPL-2+
libnghttp2-14	1.68.0-2ubuntu0.2	arm64	install ok installed	nghttp2	/usr/share/doc/libnghttp2-14/copyright	a4d7f9d9d350e7f89aa0688cea74838f33147462d68a3542290387101bf4f274	BSD-2-clause; Expat; GPL-3+ with autoconf exception; MIT; all-permissive
libnss-myhostname	259.5-0ubuntu3.4	arm64	install ok installed	systemd	/usr/share/doc/libnss-myhostname/copyright	0fff813dc14e7c0a6d2bfba748ed17485fedb768b7fc9702b15261e81cfd357f	CC0-1.0; Expat; GPL-2 with Linux-syscall-note exception; GPL-2+; LGPL-2.1+; public-domain
libnss-systemd	259.5-0ubuntu3.4	arm64	install ok installed	systemd	/usr/share/doc/libnss-systemd/copyright	0fff813dc14e7c0a6d2bfba748ed17485fedb768b7fc9702b15261e81cfd357f	CC0-1.0; Expat; GPL-2 with Linux-syscall-note exception; GPL-2+; LGPL-2.1+; public-domain
libopenjp2-7	2.5.4-1ubuntu0.1	arm64	install ok installed	openjpeg2	/usr/share/doc/libopenjp2-7/copyright	5e73ad1e015c45c2c82a1f1c25cf9737230270f28f995806d7ab82ebfbc3cc01	BSD-2; BSD-3; LIBPNG; LIBTIFF; LIBTIFF-GLARSON; LIBTIFF-PIXAR; MIT; ZLIB
libp11-kit0	0.26.2-2	arm64	install ok installed	p11-kit	/usr/share/doc/libp11-kit0/copyright	a5611fbad151d1fa0aa484f6c393a5166af33ce9a9783dfb2712d6b87b462b37	Apache-2.0; BSD-3-clause; FSFAP; FSFULLR; GPL-2+ with Autoconf-data exception; GPL-3+ with Autoconf-data exception; ISC; LGPL-2.1+; X11; customFSFULLRWD
libpam-modules	1.7.0-5ubuntu3.1	arm64	install ok installed	pam	/usr/share/doc/libpam-modules/copyright	6b11ef9ab5429d9618cc72e8dfd4efefde363165ef174be0549918e0c44f5dcb	BSD-3-clause or GPL; BSD-tcp_wrappers; Beerware; GPL-2; GPL-2+; GPL-3; GPL-3+ with Bison exception; LGPL-2+; public-domain
libpam-modules-bin	1.7.0-5ubuntu3.1	arm64	install ok installed	pam	/usr/share/doc/libpam-modules-bin/copyright	6b11ef9ab5429d9618cc72e8dfd4efefde363165ef174be0549918e0c44f5dcb	BSD-3-clause or GPL; BSD-tcp_wrappers; Beerware; GPL-2; GPL-2+; GPL-3; GPL-3+ with Bison exception; LGPL-2+; public-domain
libpam-runtime	1.7.0-5ubuntu3.1	all	install ok installed	pam	/usr/share/doc/libpam-runtime/copyright	6b11ef9ab5429d9618cc72e8dfd4efefde363165ef174be0549918e0c44f5dcb	BSD-3-clause or GPL; BSD-tcp_wrappers; Beerware; GPL-2; GPL-2+; GPL-3; GPL-3+ with Bison exception; LGPL-2+; public-domain
libpam0g	1.7.0-5ubuntu3.1	arm64	install ok installed	pam	/usr/share/doc/libpam0g/copyright	6b11ef9ab5429d9618cc72e8dfd4efefde363165ef174be0549918e0c44f5dcb	BSD-3-clause or GPL; BSD-tcp_wrappers; Beerware; GPL-2; GPL-2+; GPL-3; GPL-3+ with Bison exception; LGPL-2+; public-domain
libpcre2-8-0	10.46-1build1	arm64	install ok installed	pcre2	/usr/share/doc/libpcre2-8-0/copyright	e915cde4251f96ec6af107ecd2e194440a4e69440893b0c982802f8a1e4ae40a	BSD-2-clause; BSD-3-clause; BSD-3-clause-Cambridge with BINARY LIBRARY-LIKE PACKAGES exception; X11; public-domain
libpng16-16t64	1.6.57-1	arm64	install ok installed	libpng1.6	/usr/share/doc/libpng16-16t64/copyright	55c6fc6ffe83143f360b83f26b3064fff499120eff31e4f14ebba6d667308352	Apache-2.0; BSD-3-clause; BSD-like-with-advertising-clause; GPL-2+; GPL-2+ or BSD-like-with-advertising-clause; expat; libpng; libpng OR Apache-2.0 OR BSD-3-clause
libpopt0	1.19+dfsg-2build1	arm64	install ok installed	popt	/usr/share/doc/libpopt0/copyright	d4df144f2f9da9165a60e67c5f3f8cfcbacafdcfb96adcdee5d6717baa2d4a81	GPL-2+; expat; public-domain
libproc2-0	2:4.0.4-9ubuntu1	arm64	install ok installed	procps	/usr/share/doc/libproc2-0/copyright	90a66617c36d83068b52bbb77cbfef1234f526bfa287156d9d05f7df4d339539	GPL-2.0+; LGPL-2.0+; LGPL-2.1+
libpsl5t64	0.21.2-1.1build2	arm64	install ok installed	libpsl	/usr/share/doc/libpsl5t64/copyright	bbafb0cf52d34465fc69f5ffd22d724224f6a2f28402c88b045c69d88af06aaf	Chromium; MIT; gnulib
libpython3-stdlib	3.14.3-0ubuntu2	arm64	install ok installed	python3-defaults	/usr/share/doc/libpython3-stdlib/copyright	5b274dbb44b28a54b795b9471c07ab045054d6b8a86273cb9feb632b6fd2760d	Python Software Foundation and historical terms; see full text
libpython3.14-minimal	3.14.4-1ubuntu0.1	arm64	install ok installed	python3.14	/usr/share/doc/libpython3.14-minimal/copyright	f1cbf908e1daa8789b389fdcf17811ed36b675d736b39a103591399861350382	* Permission to use this software in any way is granted without; * Permission to use, copy, modify, and distribute this software and; By obtaining, using, and/or copying this software and/or its; Permission  is  hereby granted,  free  of charge,  to  any person; Permission is hereby granted, free of charge, to any person obtaining; Permission to use, copy, modify, and distribute this software and; Permission to use, copy, modify, and distribute this software and its; Permission to use, copy, modify, and distribute this software for any; Redistribution and use in source and binary forms, with or without; The following text includes the Python license and licenses and; This software is provided 'as-is', without any express or implied; This software is provided as-is, without express or implied
libpython3.14-stdlib	3.14.4-1ubuntu0.1	arm64	install ok installed	python3.14	/usr/share/doc/libpython3.14-stdlib/copyright	f1cbf908e1daa8789b389fdcf17811ed36b675d736b39a103591399861350382	* Permission to use this software in any way is granted without; * Permission to use, copy, modify, and distribute this software and; By obtaining, using, and/or copying this software and/or its; Permission  is  hereby granted,  free  of charge,  to  any person; Permission is hereby granted, free of charge, to any person obtaining; Permission to use, copy, modify, and distribute this software and; Permission to use, copy, modify, and distribute this software and its; Permission to use, copy, modify, and distribute this software for any; Redistribution and use in source and binary forms, with or without; The following text includes the Python license and licenses and; This software is provided 'as-is', without any express or implied; This software is provided as-is, without express or implied
libraqm0	0.10.4-1	arm64	install ok installed	raqm	/usr/share/doc/libraqm0/copyright	0e89f7b7fcfd31b17a0e5c7af376d84b987101250c9d863d378e7012096f5691	MIT
libreadline8t64	8.3-4	arm64	install ok installed	readline	/usr/share/doc/libreadline8t64/copyright	00e252bd06d79a7b9bf235934aa1e2e475bd949e9cf179cd388608247d68fac7	GFDL-NIV-1.3+; GPL-2+; GPL-3; GPL-3+; ISC-no-attribution
librtmp1	2.4+20151223.gitfa8646d.1-3	arm64	install ok installed	rtmpdump	/usr/share/doc/librtmp1/copyright	2aa6df2ec29edf3e26571e89bda27f0c3a3f187cdf08f75dcc6a7ce32d236824	GPL-2+; LGPL-2.1+
libsasl2-2	2.1.28+dfsg1-9ubuntu3	arm64	install ok installed	cyrus-sasl2	/usr/share/doc/libsasl2-2/copyright	ddb128a81d3a140ef5b3574ae000a1a50d0cb9a2ec59917121a155f91b670166	BSD-2-clause; BSD-2-clause and MIT-CMU; BSD-2.2-clause; BSD-3-Clause-Attribution; BSD-3-Clause-Attribution and IBM-as-is; BSD-3-Clause-Attribution and MIT-Export; BSD-3-clause; BSD-3-clause-JANET; BSD-3-clause-JANET and BSD-3-Clause-Attribution; BSD-3-clause-PADL; BSD-3-clause-PADL and MIT-OpenVision; BSD-4-clause-UC; FSFULLR; FSFULLR and MIT-CMU; GPL-3; GPL-3+; IBM-as-is; MIT-CMU; MIT-Export; MIT-OpenVision; OpenLDAP; RSA-MD
libsasl2-modules-db	2.1.28+dfsg1-9ubuntu3	arm64	install ok installed	cyrus-sasl2	/usr/share/doc/libsasl2-modules-db/copyright	ddb128a81d3a140ef5b3574ae000a1a50d0cb9a2ec59917121a155f91b670166	BSD-2-clause; BSD-2-clause and MIT-CMU; BSD-2.2-clause; BSD-3-Clause-Attribution; BSD-3-Clause-Attribution and IBM-as-is; BSD-3-Clause-Attribution and MIT-Export; BSD-3-clause; BSD-3-clause-JANET; BSD-3-clause-JANET and BSD-3-Clause-Attribution; BSD-3-clause-PADL; BSD-3-clause-PADL and MIT-OpenVision; BSD-4-clause-UC; FSFULLR; FSFULLR and MIT-CMU; GPL-3; GPL-3+; IBM-as-is; MIT-CMU; MIT-Export; MIT-OpenVision; OpenLDAP; RSA-MD
libseccomp2	2.6.0-2ubuntu5	arm64	install ok installed	libseccomp	/usr/share/doc/libseccomp2/copyright	6da0653a365b80ab31478dbfe9e7c358e80d58b6d2b52b4e16b4dbb42d7d9f5c	LGPL-2.1
libselinux1	3.9-4build1	arm64	install ok installed	libselinux	/usr/share/doc/libselinux1/copyright	864f1bb189f609075d580b8c4aada16d85a44546884f1687989e1cacc8c56751	GPL-2; public-domain
libsemanage-common	3.9-1build1	all	install ok installed	libsemanage	/usr/share/doc/libsemanage-common/copyright	c2802ac7e45a373a708961dde9b3609e045b6e6818c43440c8662c66baa27955	GPL-2; LGPL-2.1+
libsemanage2	3.9-1build1	arm64	install ok installed	libsemanage	/usr/share/doc/libsemanage2/copyright	c2802ac7e45a373a708961dde9b3609e045b6e6818c43440c8662c66baa27955	GPL-2; LGPL-2.1+
libsepol2	3.9-2	arm64	install ok installed	libsepol	/usr/share/doc/libsepol2/copyright	f6879e48f3d756e47bdc49711495f9da429c15694db31f79f8b2ccd0501c5651	GPL-2; GPL-2+; LGPL-2.1+; Zlib
libsharpyuv0	1.5.0-0.1build1	arm64	install ok installed	libwebp	/usr/share/doc/libsharpyuv0/copyright	725344c9200f6e6dad88d1ea88add2d673cdf1d8fbc3961bcd2693ab0c26d30d	Apache-2.0; BSD-3-Clause
libsmartcols1	2.41.3-3ubuntu2.2	arm64	install ok installed	util-linux	/usr/share/doc/libsmartcols1/copyright	35a014187eb5d264405a91bda9ec782afdef9df148b657e67b38d07fabba2acf	BSD-2-clause; BSD-3-clause; BSD-4-clause; BSLA; Expat; GPL-2; GPL-2+; GPL-3+; ISC; LGPL; LGPL-2+; LGPL-2.1+; LGPL-3+; public-domain
libsqlite3-0	3.46.1-9ubuntu0.2	arm64	install ok installed	sqlite3	/usr/share/doc/libsqlite3-0/copyright	7b1679aaa97e6e49ec12460eefa85a82b432053bc468dd89dbdb50f2326589f3	GPL-2+; public-domain
libss2	1.47.2-3ubuntu4	arm64	install ok installed	e2fsprogs	/usr/share/doc/libss2/copyright	2041b5febdc110151ca3372d01b16b85dda1888e33f3f60fce0f59940eed7d19	0BSD; Apache-2; BSD-3-Clause; BSD-3-Clause-Variant; BSD-4-Clause-CMU; Expat; GPL or MIT-US-export; GPL-2; GPL-2+; GPL-2+ with Texinfo exception; ISC; Kazlib; LGPL-2; Latex2e
libssh2-1t64	1.11.1-1ubuntu0.26.04.4	arm64	install ok installed	libssh2	/usr/share/doc/libssh2-1t64/copyright	fb5d6b7a53710b6ba04e412a016d222a3e56b9d6e1a2572a8ffc2eae05e6acfb	BSD3; ISC
libssl3t64	3.5.5-1ubuntu3.5	arm64	install ok installed	openssl	/usr/share/doc/libssl3t64/copyright	6a7da622fe0637a334d2a8fc470852d2ffb77d9a2b2f930f854e32a41ad6ef35	Apache-2.0; Artistic; Artistic or GPL-1+; GPL-1+
libstdc++6	16-20260322-1ubuntu1	arm64	install ok installed	gcc-16	/usr/share/doc/libstdc++6/copyright	d7815dd2364180835891947d96d808878204dea45b8597602a7952332195fbea	GNU GPL and GCC exceptions; see full text
libsystemd-shared	259.5-0ubuntu3.4	arm64	install ok installed	systemd	/usr/share/doc/libsystemd-shared/copyright	0fff813dc14e7c0a6d2bfba748ed17485fedb768b7fc9702b15261e81cfd357f	CC0-1.0; Expat; GPL-2 with Linux-syscall-note exception; GPL-2+; LGPL-2.1+; public-domain
libsystemd0	259.5-0ubuntu3.4	arm64	install ok installed	systemd	/usr/share/doc/libsystemd0/copyright	0fff813dc14e7c0a6d2bfba748ed17485fedb768b7fc9702b15261e81cfd357f	CC0-1.0; Expat; GPL-2 with Linux-syscall-note exception; GPL-2+; LGPL-2.1+; public-domain
libtasn1-6	4.21.0-2	arm64	install ok installed	libtasn1-6	/usr/share/doc/libtasn1-6/copyright	722a2780f3f3865c8bed997b8a6283eebf302c9fe4a5b2fb5fd221ea9a51a5a6	LGPL-2.1-or-later and file-specific terms; see full text
libtext-charwidth-perl	0.04-11build4	arm64	install ok installed	libtext-charwidth-perl	/usr/share/doc/libtext-charwidth-perl/copyright	a8b977da6e759fe80e5669f3624394b989f5693976a44c71d661ff00de081885	Artistic; Artistic or GPL-1+; GPL-1+
libtext-wrapi18n-perl	0.06-10	all	install ok installed	libtext-wrapi18n-perl	/usr/share/doc/libtext-wrapi18n-perl/copyright	04670c33e3250932ba698b12e609fe6a7c7eb847c2fa5d05baaf2782e5935375	Artistic; Artistic or GPL-1+; GPL-1+
libtiff6	4.7.0-3ubuntu5	arm64	install ok installed	tiff	/usr/share/doc/libtiff6/copyright	d73e31b03a0d7a515851601c19fee5792c7db03a312efacae146ddf9c91f86f1	Hylafax
libtinfo6	6.6+20251231-1	arm64	install ok installed	ncurses	/usr/share/doc/libtinfo6/copyright	f838d6048fbc59356b7e56c207a7cb32dc6bf4adea95514a002596bde8f6e1e7	BSD-3-clause; MIT/X11; X11
libtirpc-common	1.3.7-0.1	all	install ok installed	libtirpc	/usr/share/doc/libtirpc-common/copyright	62dace47736a4373ec5b19af67e82518ef43b243e9e87f753421213c5f1688df	BSD-2-Clause; BSD-3-Clause; BSD-4-Clause; GPL-2; LGPL-2.1+; PERMISSIVE; __AUTO_PERMISSIVE__
libtirpc3t64	1.3.7-0.1	arm64	install ok installed	libtirpc	/usr/share/doc/libtirpc3t64/copyright	62dace47736a4373ec5b19af67e82518ef43b243e9e87f753421213c5f1688df	BSD-2-Clause; BSD-3-Clause; BSD-4-Clause; GPL-2; LGPL-2.1+; PERMISSIVE; __AUTO_PERMISSIVE__
libudev1	259.5-0ubuntu3.4	arm64	install ok installed	systemd	/usr/share/doc/libudev1/copyright	0fff813dc14e7c0a6d2bfba748ed17485fedb768b7fc9702b15261e81cfd357f	CC0-1.0; Expat; GPL-2 with Linux-syscall-note exception; GPL-2+; LGPL-2.1+; public-domain
libunistring5	1.3-2build1	arm64	install ok installed	libunistring	/usr/share/doc/libunistring5/copyright	a585cd2cc2a5fcb8e58f12c7a710a35e06e5b897c59cd5ae4a7d835f0b49eae3	BSD-3-clause or LGPL-2.1+; BSD-3-clause or LGPL-3+; FreeSoftware; GFDL-1.2+ or GPL-3+ or LGPL-3; GFDL-1.3+; GPL-2+; GPL-2+ with distribution exception; GPL-2+ with distribution exception, Expat and GPL-2+; GPL-3+; ISC or LGPL-2.1+; LGPL-2+; LGPL-2+ or LGPL-3+; LGPL-2.1+; LGPL-3; LGPL-3+; Unicode-DFS-2016; X11; bsd-3-clause; gfdl-1.2+; gfdl-1.3+; isc; public-domain; unicode-dfs-2016
libusb-1.0-0	2:1.0.29-2build1	arm64	install ok installed	libusb-1.0	/usr/share/doc/libusb-1.0-0/copyright	a627862d217aed18b58086a8711ebf9a66b0e090fa16f64ef92b59e920921b15	FSFAP; GPL-2+; LGPL-2.1+; MIT
libuuid1	2.41.3-3ubuntu2.2	arm64	install ok installed	util-linux	/usr/share/doc/libuuid1/copyright	35a014187eb5d264405a91bda9ec782afdef9df148b657e67b38d07fabba2acf	BSD-2-clause; BSD-3-clause; BSD-4-clause; BSLA; Expat; GPL-2; GPL-2+; GPL-3+; ISC; LGPL; LGPL-2+; LGPL-2.1+; LGPL-3+; public-domain
libv4l-0t64	1.32.0-2ubuntu1	arm64	install ok installed	v4l-utils	/usr/share/doc/libv4l-0t64/copyright	bf37553d301fb76dce4908a54dcffd40d2a41a2abb14aa5593bd839955c1169a	BSD-2-clause; BSD-3-clause; BSD-3-clause or GPL-2; BSD-3-clause or GPL-2+; BSD-3-clause or LGPL-2.1; Expat; FSFULLR; GPL-2; GPL-2+; GPL-3+; HPND-sell-variant; LGPL; LGPL-2+; LGPL-2.1; LGPL-2.1+; jpeg-group
libv4l2rds0t64	1.32.0-2ubuntu1	arm64	install ok installed	v4l-utils	/usr/share/doc/libv4l2rds0t64/copyright	bf37553d301fb76dce4908a54dcffd40d2a41a2abb14aa5593bd839955c1169a	BSD-2-clause; BSD-3-clause; BSD-3-clause or GPL-2; BSD-3-clause or GPL-2+; BSD-3-clause or LGPL-2.1; Expat; FSFULLR; GPL-2; GPL-2+; GPL-3+; HPND-sell-variant; LGPL; LGPL-2+; LGPL-2.1; LGPL-2.1+; jpeg-group
libv4lconvert0t64	1.32.0-2ubuntu1	arm64	install ok installed	v4l-utils	/usr/share/doc/libv4lconvert0t64/copyright	bf37553d301fb76dce4908a54dcffd40d2a41a2abb14aa5593bd839955c1169a	BSD-2-clause; BSD-3-clause; BSD-3-clause or GPL-2; BSD-3-clause or GPL-2+; BSD-3-clause or LGPL-2.1; Expat; FSFULLR; GPL-2; GPL-2+; GPL-3+; HPND-sell-variant; LGPL; LGPL-2+; LGPL-2.1; LGPL-2.1+; jpeg-group
libwebp7	1.5.0-0.1build1	arm64	install ok installed	libwebp	/usr/share/doc/libwebp7/copyright	725344c9200f6e6dad88d1ea88add2d673cdf1d8fbc3961bcd2693ab0c26d30d	Apache-2.0; BSD-3-Clause
libwebpdemux2	1.5.0-0.1build1	arm64	install ok installed	libwebp	/usr/share/doc/libwebpdemux2/copyright	725344c9200f6e6dad88d1ea88add2d673cdf1d8fbc3961bcd2693ab0c26d30d	Apache-2.0; BSD-3-Clause
libwebpmux3	1.5.0-0.1build1	arm64	install ok installed	libwebp	/usr/share/doc/libwebpmux3/copyright	725344c9200f6e6dad88d1ea88add2d673cdf1d8fbc3961bcd2693ab0c26d30d	Apache-2.0; BSD-3-Clause
libwrap0	7.6.q-36build2	arm64	install ok installed	tcp-wrappers	/usr/share/doc/libwrap0/copyright	3433ea51eb4b9272c97d159c5ae5e0d3f592bbf9fc946dac813e1594aa6fa16f	BSD-3-clause; SSH; TCP-wrappers
libxau6	1:1.0.11-1build2	arm64	install ok installed	libxau	/usr/share/doc/libxau6/copyright	118dd263a7b91c8f21c489f949bf13281dff9e766deea92b829dac4dce66601a	X11-style terms; see full text
libxcb1	1.17.0-2ubuntu1	arm64	install ok installed	libxcb	/usr/share/doc/libxcb1/copyright	4f7cb9db6bf6542f5417e3d674c780d3a5fd12291a54d63054fb576ee0cfae80	MIT-style and component terms; see full text
libxdmcp6	1:1.1.5-2	arm64	install ok installed	libxdmcp	/usr/share/doc/libxdmcp6/copyright	aceaa93ea2bb08890d7f91987ecf6a03814309470c819c56fe79f7698e45ef53	OpenGroup-MIT
libxkbcommon0	1.13.1-1	arm64	install ok installed	libxkbcommon	/usr/share/doc/libxkbcommon0/copyright	5eeaeb1b6e029a0274e1573765bb0bae2926ef96a3679203faa4fd00fdaeaa88	MIT/X11-style and component terms; see full text
libxtables12	1.8.11-2ubuntu3	arm64	install ok installed	iptables	/usr/share/doc/libxtables12/copyright	1f222344466008db3d978986ddf49e088473c807073d5d36a0d0768c54effd95	Artistic; GPL-2; GPL-2+; custom
libxxhash0	0.8.3-2build1	arm64	install ok installed	xxhash	/usr/share/doc/libxxhash0/copyright	81affefe3047c8a88a9e4c94c8c698f51a7e0787e75b58e901bf1f8fcd433f58	BSD-2-clause; BSD-2-clause or GPL-2+; GPL-2+
libyaml-0-2	0.2.5-2build3	arm64	install ok installed	libyaml	/usr/share/doc/libyaml-0-2/copyright	3415b508dee94adcff525a8a2335dca6b9122e2543fd16566e7cfd8ab7713d6b	Expat; permissive
libzstd1	1.5.7+dfsg-3	arm64	install ok installed	libzstd	/usr/share/doc/libzstd1/copyright	2efe51c80ddc473bc2c91faec49dae645bf7f5a04824528fec816320432da2ae	BSD-3-clause; BSD-3-clause or GPL-2; Expat; GPL-2; zlib
login	1:4.16.0-2+really2.41.3-3ubuntu2.2	arm64	install ok installed	util-linux (2.41.3-3ubuntu2.2)	/usr/share/doc/login/copyright	35a014187eb5d264405a91bda9ec782afdef9df148b657e67b38d07fabba2acf	BSD-2-clause; BSD-3-clause; BSD-4-clause; BSLA; Expat; GPL-2; GPL-2+; GPL-3+; ISC; LGPL; LGPL-2+; LGPL-2.1+; LGPL-3+; public-domain
login.defs	1:4.17.4-2ubuntu3	all	install ok installed	shadow	/usr/share/doc/login.defs/copyright	305494b6f5f6bb65ead9160077d4fdf45ccdf06de7c958ff96f27a632b8729a3	BSD-3-clause; GPL-1; GPL-2+
logsave	1.47.2-3ubuntu4	arm64	install ok installed	e2fsprogs	/usr/share/doc/logsave/copyright	2041b5febdc110151ca3372d01b16b85dda1888e33f3f60fce0f59940eed7d19	0BSD; Apache-2; BSD-3-Clause; BSD-3-Clause-Variant; BSD-4-Clause-CMU; Expat; GPL or MIT-US-export; GPL-2; GPL-2+; GPL-2+ with Texinfo exception; ISC; Kazlib; LGPL-2; Latex2e
mawk	1.3.4.20260129-1	arm64	install ok installed	mawk	/usr/share/doc/mawk/copyright	ef4657360041483f59e489d15e2f7f049f68cc90fc5232ea18b192a7e73264ea	CC-BY-3.0; GPL-2.0-only; X11
media-types	14.0.0build1	all	install ok installed	media-types	/usr/share/doc/media-types/copyright	5ded7c53199b6a1d089b0b7e231d77e5c84081c7156b372b3f11ad9c1c2c5cc7	ad-hoc
mount	2.41.3-3ubuntu2.2	arm64	install ok installed	util-linux	/usr/share/doc/mount/copyright	35a014187eb5d264405a91bda9ec782afdef9df148b657e67b38d07fabba2acf	BSD-2-clause; BSD-3-clause; BSD-4-clause; BSLA; Expat; GPL-2; GPL-2+; GPL-3+; ISC; LGPL; LGPL-2+; LGPL-2.1+; LGPL-3+; public-domain
nano	8.7.1-1ubuntu0.1	arm64	install ok installed	nano	/usr/share/doc/nano/copyright	3c939dbdf525a5fb13c8eff8e993ebe0adcbd5c2dc1d63ff1f452ce27f264ca0	GFDL-NIV+; GFDL-NIV+ or GPL-3+; GPL-3+
ncurses-base	6.6+20251231-1	all	install ok installed	ncurses	/usr/share/doc/ncurses-base/copyright	f838d6048fbc59356b7e56c207a7cb32dc6bf4adea95514a002596bde8f6e1e7	BSD-3-clause; MIT/X11; X11
ncurses-bin	6.6+20251231-1	arm64	install ok installed	ncurses	/usr/share/doc/ncurses-bin/copyright	f838d6048fbc59356b7e56c207a7cb32dc6bf4adea95514a002596bde8f6e1e7	BSD-3-clause; MIT/X11; X11
netbase	6.5build1	all	install ok installed	netbase	/usr/share/doc/netbase/copyright	795b66147ea5ad692991caa7008ece551fb0fa88b9c53656223bd1518dc58ab2	GPL-2
nftables	1.1.6-1	arm64	install ok installed	nftables	/usr/share/doc/nftables/copyright	ede1a9831433483bf9ce57f46af958ff7591799aff8fdff1368a8a4cf2323996	CC-BY-SA-4.0; GPL-2; GPL-2+
nginx	1.28.3-2ubuntu1.10	arm64	install ok installed	nginx	/usr/share/doc/nginx/copyright	437401e2b26c87fbd03d3a5e6c915dbed82fe07c52863f927b34bb70dea570b0	BSD-2-clause; Expat; GPL-2+; public-domain
nginx-common	1.28.3-2ubuntu1.10	all	install ok installed	nginx	/usr/share/doc/nginx-common/copyright	437401e2b26c87fbd03d3a5e6c915dbed82fe07c52863f927b34bb70dea570b0	BSD-2-clause; Expat; GPL-2+; public-domain
openssh-client	1:10.2p1-2ubuntu3.6	arm64	install ok installed	openssh	/usr/share/doc/openssh-client/copyright	af946edbe423f2af7cb2297e68ed177748461b3c8ecee9884ea087bea7b06f92	BSD-2-clause; BSD-3-clause; Expat-with-advertising-restriction; Mazieres-BSD-style; OpenSSH; Powell-BSD-style; public-domain
openssh-server	1:10.2p1-2ubuntu3.6	arm64	install ok installed	openssh	/usr/share/doc/openssh-server/copyright	af946edbe423f2af7cb2297e68ed177748461b3c8ecee9884ea087bea7b06f92	BSD-2-clause; BSD-3-clause; Expat-with-advertising-restriction; Mazieres-BSD-style; OpenSSH; Powell-BSD-style; public-domain
openssh-sftp-server	1:10.2p1-2ubuntu3.6	arm64	install ok installed	openssh	/usr/share/doc/openssh-sftp-server/copyright	af946edbe423f2af7cb2297e68ed177748461b3c8ecee9884ea087bea7b06f92	BSD-2-clause; BSD-3-clause; Expat-with-advertising-restriction; Mazieres-BSD-style; OpenSSH; Powell-BSD-style; public-domain
openssl	3.5.5-1ubuntu3.5	arm64	install ok installed	openssl	/usr/share/doc/openssl/copyright	6a7da622fe0637a334d2a8fc470852d2ffb77d9a2b2f930f854e32a41ad6ef35	Apache-2.0; Artistic; Artistic or GPL-1+; GPL-1+
openssl-provider-legacy	3.5.5-1ubuntu3.5	arm64	install ok installed	openssl	/usr/share/doc/openssl-provider-legacy/copyright	6a7da622fe0637a334d2a8fc470852d2ffb77d9a2b2f930f854e32a41ad6ef35	Apache-2.0; Artistic; Artistic or GPL-1+; GPL-1+
passwd	1:4.17.4-2ubuntu3	arm64	install ok installed	shadow	/usr/share/doc/passwd/copyright	305494b6f5f6bb65ead9160077d4fdf45ccdf06de7c958ff96f27a632b8729a3	BSD-3-clause; GPL-1; GPL-2+
perl-base	5.40.1-7ubuntu0.1	arm64	install ok installed	perl	/usr/share/doc/perl-base/copyright	8adf04cb72ca0719dee8fdb8d711768548d10373905eac21e8a640881c230257	Artistic; Artistic or GPL-1+; Artistic or GPL-1+ or Artistic-dist; Artistic-2; Artistic-dist; BSD-3-clause; BSD-3-clause-GENERIC; BSD-3-clause-with-weird-numbering; BSD-4-clause-POWERDOG; BZIP; CC0-1.0; DONT-CHANGE-THE-GPL; Expat; Expat or GPL-1+ or Artistic; FSFAP; GPL-1+; GPL-1+ or Artistic; GPL-1+ or Artistic or Artistic-dist; GPL-1+ or Artistic, and BSD-3-clause-GENERIC; GPL-1+ or Artistic, and BSD-4-clause-POWERDOG; GPL-1+ or Artistic, and Expat; GPL-1+ or Artistic, and Unicode; GPL-2+; GPL-2+ or Artistic; GPL-3+-WITH-BISON-EXCEPTION; LGPL-2.1; REGCOMP; REGCOMP, and GPL-1+ or Artistic; SDBM-PUBLIC-DOMAIN; TEXT-TABS; Unicode; ZLIB
procps	2:4.0.4-9ubuntu1	arm64	install ok installed	procps	/usr/share/doc/procps/copyright	90a66617c36d83068b52bbb77cbfef1234f526bfa287156d9d05f7df4d339539	GPL-2.0+; LGPL-2.0+; LGPL-2.1+
python3	3.14.3-0ubuntu2	arm64	install ok installed	python3-defaults	/usr/share/doc/python3/copyright	5b274dbb44b28a54b795b9471c07ab045054d6b8a86273cb9feb632b6fd2760d	Python Software Foundation and historical terms; see full text
python3-aiofiles	25.1.0-2	all	install ok installed	aiofiles	/usr/share/doc/python3-aiofiles/copyright	dbd4950d27d888d12e9b1be493c40a024d9e3196c3401ce3a3b96e21d7d7ed83	Apache
python3-aiohappyeyeballs	2.6.1-2	all	install ok installed	aiohappyeyeballs	/usr/share/doc/python3-aiohappyeyeballs/copyright	254038d218b73a066dc773c188a0051c553e8c313df8623cee1830afd1a6876b	PSF-2.0
python3-aiohttp	3.13.3-3ubuntu1	arm64	install ok installed	python-aiohttp	/usr/share/doc/python3-aiohttp/copyright	5076c73d057b07ba4b8df7fb674b508c49a6bbae6ff587500f23f53c0f428f50	Apache-2; Expat
python3-aiosignal	1.4.0-1	all	install ok installed	aiosignal	/usr/share/doc/python3-aiosignal/copyright	a03e040d155d682cdbf387fd8ef7c5d23d74ed538c34963db104fe833d547cbe	Apache2
python3-async-timeout	5.0.1-1	all	install ok installed	python-async-timeout	/usr/share/doc/python3-async-timeout/copyright	ae6555ef3bd4574b51b89d4030b533b30c9c74e723c7ab6821eed4a458440b0a	Apache2
python3-attr	25.4.0-1build1	all	install ok installed	python-attrs	/usr/share/doc/python3-attr/copyright	e1f2c4df71c4deedd7c3ea2ab8a56db5113b2265ea5ae34e4ae7b0c92d70ce29	Expat
python3-evdev	1.9.3-1build1	arm64	install ok installed	python-evdev	/usr/share/doc/python3-evdev/copyright	4d4e5864aa4094324574594770cc5d6f95c7ddf3cb401c389e21d6b116e5f258	BSD-3
python3-frozenlist	1.8.0-2build1	arm64	install ok installed	frozenlist	/usr/share/doc/python3-frozenlist/copyright	86db538aa22cf393f18ca94ed0270f1658407c32daa03c548ea5b0ccb35c1e32	Apache2
python3-idna	3.11-1ubuntu0.1	all	install ok installed	python-idna	/usr/share/doc/python3-idna/copyright	e2b7d15d793374b6ab415b00d5ad6d4673e115572db3c8ce3adecff87638b0b8	BSD-3-clause; BSD-3-clause and PSF-2; BSD-3-clause and PSF-2 and Unicode; PSF-2; Unicode
python3-minimal	3.14.3-0ubuntu2	arm64	install ok installed	python3-defaults	/usr/share/doc/python3-minimal/copyright	5b274dbb44b28a54b795b9471c07ab045054d6b8a86273cb9feb632b6fd2760d	Python Software Foundation and historical terms; see full text
python3-multidict	6.4.3-1build2	arm64	install ok installed	python-multidict	/usr/share/doc/python3-multidict/copyright	39cfece61aa0967e4015d4c2f8d73cfe5966061779fe6531633a878644cf9dde	Apache2
python3-passlib	1.9.3-1ubuntu1	all	install ok installed	python-passlib	/usr/share/doc/python3-passlib/copyright	709d365df1258eb5f020e3b28687ab0c7e58820e63f5eef8c6c937b1eb241362	Aki-Yoshida; BEER-WARE; BSD-3-Clause; Damien-Miller
python3-pil	12.1.1-2ubuntu1.3	arm64	install ok installed	pillow	/usr/share/doc/python3-pil/copyright	211cff77c16cbac5b8daa0d6ebe1cd677337379f8c62696cebff1ce7de486e83	Apache-2.0; GPLv3-with-GPL-font-exception; HPND; OFL-v1.1; Permission is hereby granted, free of charge, to any person obtaining a copy; public-domain; tcltk
python3-propcache	0.3.1-1build2	arm64	install ok installed	python-propcache	/usr/share/doc/python3-propcache/copyright	b336e6bd20201166a8c843453a256411b2c2bf29be4fb38d7e575a46b8acff4c	Apache-2
python3-pygments	2.19.2+dfsg-1	all	install ok installed	pygments	/usr/share/doc/python3-pygments/copyright	246d71918948c470d36368fa04f3727724a819e03e6d865042befa3425387310	Apache-2.0; Apache-2.0 and BSD-2-clause; BSD-2-clause; ISO-1986
python3-pyotp	2.9.0-2build1	all	install ok installed	python-pyotp	/usr/share/doc/python3-pyotp/copyright	a832bf4be2a03d7e2f3e4212957245b3e8c4553ec4b4f0833240854f4d122d7d	Expat
python3-ruamel.yaml	0.18.10+ds-1build1	all	install ok installed	ruamel.yaml	/usr/share/doc/python3-ruamel.yaml/copyright	2259841bd613cad60ba0be9c6b20259da88e67779ecbb32b7227c637b363ddf7	Expat
python3-ruamel.yaml.clib	0.2.15+ds-1build1	arm64	install ok installed	ruamel.yaml.clib	/usr/share/doc/python3-ruamel.yaml.clib/copyright	128e96effa7bb67bfdbda6b88cfcc8f571f646ac0659ebdf39c405c7c9ba3a5b	Expat
python3-setproctitle	1.3.7-2build1	arm64	install ok installed	python-setproctitle	/usr/share/doc/python3-setproctitle/copyright	6ef62eb32fdac94f122c0ff4b27cf90dbc7dfc0838e642a976dc69fa64beda6e	BSD-3-clause; PostgreSQL; PostgreSQL and BSD-3-clause
python3-xlib	0.33-5	all	install ok installed	python-xlib	/usr/share/doc/python3-xlib/copyright	edefec399ac7ac0c03b563c610aa51a5ec57101be71ec981d1615b8922f6cada	LGPL-2.1+
python3-yaml	6.0.3-1build1	arm64	install ok installed	pyyaml	/usr/share/doc/python3-yaml/copyright	f7dbbf7598bbd40e0ea8aabec5045466e45564463a75d35ce519e3ea75071f19	Expat
python3-yarl	1.22.0-1build1	arm64	install ok installed	yarl	/usr/share/doc/python3-yarl/copyright	13c117b3a20b9f70fe409c065de2676fcb8fd61b2384487db716006d525e489f	Apache-2.0
python3.14	3.14.4-1ubuntu0.1	arm64	install ok installed	python3.14	/usr/share/doc/python3.14/copyright	f1cbf908e1daa8789b389fdcf17811ed36b675d736b39a103591399861350382	* Permission to use this software in any way is granted without; * Permission to use, copy, modify, and distribute this software and; By obtaining, using, and/or copying this software and/or its; Permission  is  hereby granted,  free  of charge,  to  any person; Permission is hereby granted, free of charge, to any person obtaining; Permission to use, copy, modify, and distribute this software and; Permission to use, copy, modify, and distribute this software and its; Permission to use, copy, modify, and distribute this software for any; Redistribution and use in source and binary forms, with or without; The following text includes the Python license and licenses and; This software is provided 'as-is', without any express or implied; This software is provided as-is, without express or implied
python3.14-minimal	3.14.4-1ubuntu0.1	arm64	install ok installed	python3.14	/usr/share/doc/python3.14-minimal/copyright	f1cbf908e1daa8789b389fdcf17811ed36b675d736b39a103591399861350382	* Permission to use this software in any way is granted without; * Permission to use, copy, modify, and distribute this software and; By obtaining, using, and/or copying this software and/or its; Permission  is  hereby granted,  free  of charge,  to  any person; Permission is hereby granted, free of charge, to any person obtaining; Permission to use, copy, modify, and distribute this software and; Permission to use, copy, modify, and distribute this software and its; Permission to use, copy, modify, and distribute this software for any; Redistribution and use in source and binary forms, with or without; The following text includes the Python license and licenses and; This software is provided 'as-is', without any express or implied; This software is provided as-is, without express or implied
readline-common	8.3-4	all	install ok installed	readline	/usr/share/doc/readline-common/copyright	00e252bd06d79a7b9bf235934aa1e2e475bd949e9cf179cd388608247d68fac7	GFDL-NIV-1.3+; GPL-2+; GPL-3; GPL-3+; ISC-no-attribution
rsync	3.4.1+ds1-7ubuntu0.3	arm64	install ok installed	rsync	/usr/share/doc/rsync/copyright	db06f26463e84e6c155f5c22d09841b2f4ffedce26d03efa233925e90aee94cc	FSF-unlimited; FSFULLR; GPL-2; GPL-2+; GPL-3; GPL-3 with Autoconf-data exception; GPL-3 with OpenSSL-xxhash exception; GPL-3+; GPL-3+ and public-domain; GPL-3+ with OpenSSL-xxhash exception; ISC; PostgreSQL; public-domain; snprintf
rust-coreutils	0.8.0-0ubuntu3	arm64	install ok installed	rust-coreutils	/usr/share/doc/rust-coreutils/copyright	7c87172e05e3b69bf2ab331b5ab692814e0e205cacd41d117d84612c40d9c8cf	Apache-2.0; MIT; MIT or Apache-2.0; permissive
sed	4.9-2ubuntu1	arm64	install ok installed	sed	/usr/share/doc/sed/copyright	719320e425e8e6da53a55e0fcfa2f2ed9b1332cea16abd65321bd651b2a88568	BSD-4-clause-UC; BSL-1; GFDL-NIV-1.3+; GPL-3+; GPL-3+ and ISC; ISC; X11; pcre
sensible-utils	0.0.26build1	all	install ok installed	sensible-utils	/usr/share/doc/sensible-utils/copyright	cedd6fcbc166321e6792b0161dd387d9ad4de72aa1e8fd4ec6da9f252dba2543	All-permissive; GPL-2+; configure; installsh
strace	6.19+ds-0ubuntu5	arm64	install ok installed	strace	/usr/share/doc/strace/copyright	4fb985d95bb19b4bdac527317df426e1ad499e8b4bdaa9cdc4ab8b516c491f04	BSD-2-Clause; BSD-3-Clause; Expat; GPL-2; GPL-2.0 with Linux-syscall-note exception; ISC; LGPL-2.1+; LGPL-2.1+ with Linux-syscall-note exception
sudo	1.9.17p2-1ubuntu3	arm64	install ok installed	sudo	/usr/share/doc/sudo/copyright	b3005377a42dce88acf28182756a37a89e09e3d2c703b4a18c54762c9d4bd2c9	BSD-2-Clause; BSD-3-Clause; GPL-2+; ISC; Zlib; other; public-domain
sudo-common	1.2ubuntu	all	install ok installed	sudo-common	/usr/share/doc/sudo-common/copyright	ec26ae2c465bb119c3830878041c739a87339eff9191bedd867cb74183a28487	GPL-2+; ISC
systemd	259.5-0ubuntu3.4	arm64	install ok installed	systemd	/usr/share/doc/systemd/copyright	0fff813dc14e7c0a6d2bfba748ed17485fedb768b7fc9702b15261e81cfd357f	CC0-1.0; Expat; GPL-2 with Linux-syscall-note exception; GPL-2+; LGPL-2.1+; public-domain
systemd-resolved	259.5-0ubuntu3.4	arm64	install ok installed	systemd	/usr/share/doc/systemd-resolved/copyright	0fff813dc14e7c0a6d2bfba748ed17485fedb768b7fc9702b15261e81cfd357f	CC0-1.0; Expat; GPL-2 with Linux-syscall-note exception; GPL-2+; LGPL-2.1+; public-domain
systemd-sysv	259.5-0ubuntu3.4	arm64	install ok installed	systemd	/usr/share/doc/systemd-sysv/copyright	0fff813dc14e7c0a6d2bfba748ed17485fedb768b7fc9702b15261e81cfd357f	CC0-1.0; Expat; GPL-2 with Linux-syscall-note exception; GPL-2+; LGPL-2.1+; public-domain
sysvinit-utils	3.15-5ubuntu1	arm64	install ok installed	sysvinit	/usr/share/doc/sysvinit-utils/copyright	53b43fcbd9de018b1c5f288f7c4d01af22f8042e98dd8c8ba091334420151180	GPL-2.0; GPL-2.0+; GPL-3.0; LGPL-2.1+
tar	1.35+dfsg-4ubuntu0.4	arm64	install ok installed	tar	/usr/share/doc/tar/copyright	a0a44d41b2a045eb5946a8952487151cfa6ff0cd080bbf4b2eec220751d23024	GPL-2+; GPL-3+; GPL-3+ with Bison exception; LGPL-2.1+; LGPL-3+
tzdata	2026c-0ubuntu0.26.04.1	all	install ok installed	tzdata	/usr/share/doc/tzdata/copyright	6154bb6c9ac34c2ac3ff4217c948fd6b431e3e122a3428d665bebd6f730e9f69	ICU; public-domain
ubuntu-keyring	2023.11.28.1build1	all	install ok installed	ubuntu-keyring	/usr/share/doc/ubuntu-keyring/copyright	191cdb1291b2fc3b9fdcd8648b16ab7f9e4f15b74dc5b30959a9fdcfb4782b6c	GNU GPL for package material; archive keys excluded; see full text
ucf	3.0052ubuntu1	all	install ok installed	ucf	/usr/share/doc/ucf/copyright	b14f660653d37c8bf828ded913e517e2833e4e3d4dc3ae39d4e31038656040cd	GPL-2
udev	259.5-0ubuntu3.4	arm64	install ok installed	systemd	/usr/share/doc/udev/copyright	0fff813dc14e7c0a6d2bfba748ed17485fedb768b7fc9702b15261e81cfd357f	CC0-1.0; Expat; GPL-2 with Linux-syscall-note exception; GPL-2+; LGPL-2.1+; public-domain
usbutils	1:019-1	arm64	install ok installed	usbutils	/usr/share/doc/usbutils/copyright	8158b21a08ae8a536c0cff744f4c7db76263a8ef8a5d4d0a8d06d6a0dcc675bb	CC0-1.0; GPL-2.0; GPL-2.0 or GPL-3.0; GPL-2.0+; GPL-3.0; LGPL-2.1+; MIT
ustreamer	6.65-1blikvm2	arm64	install ok installed	pikvm/ustreamer	/usr/share/doc/ustreamer/copyright	8ceb4b9ee5adedde47b31e975c1d90c73ad27b6b165a1dcd80c7c545eb65b903	GNU GPL version 3 text; see upstream file notices
util-linux	2.41.3-3ubuntu2.2	arm64	install ok installed	util-linux	/usr/share/doc/util-linux/copyright	35a014187eb5d264405a91bda9ec782afdef9df148b657e67b38d07fabba2acf	BSD-2-clause; BSD-3-clause; BSD-4-clause; BSLA; Expat; GPL-2; GPL-2+; GPL-3+; ISC; LGPL; LGPL-2+; LGPL-2.1+; LGPL-3+; public-domain
v4l-utils	1.32.0-2ubuntu1	arm64	install ok installed	v4l-utils	/usr/share/doc/v4l-utils/copyright	bf37553d301fb76dce4908a54dcffd40d2a41a2abb14aa5593bd839955c1169a	BSD-2-clause; BSD-3-clause; BSD-3-clause or GPL-2; BSD-3-clause or GPL-2+; BSD-3-clause or LGPL-2.1; Expat; FSFULLR; GPL-2; GPL-2+; GPL-3+; HPND-sell-variant; LGPL; LGPL-2+; LGPL-2.1; LGPL-2.1+; jpeg-group
xkb-data	2.46-2	all	install ok installed	xkeyboard-config	/usr/share/doc/xkb-data/copyright	8be5b210e9aef063a19611ce80200862a992130e484d55898cf0181b59ea2962	Expat; Expat-Open-Group; Expat-open-group; HPND-sell-variant
zlib1g	1:1.3.dfsg+really1.3.1-1ubuntu3	arm64	install ok installed	zlib	/usr/share/doc/zlib1g/copyright	9e5b96d63773a5d177ba264254390f792be07e41748ebd94730981c6cac31cc6	Zlib
